DateKey,Date,Year,Quarter,Month,MonthName,MonthShort,Week,DayOfWeek,DayName,DayShort,DayOfMonth,DayOfYear,IsWeekend,YearMonth,YearQuarter
20220101,2022-01-01,2022,1,1,January,Jan,52,6,Saturday,Sat,1,1,True,2022-01,2022-Q1
20220102,2022-01-02,2022,1,1,January,Jan,52,7,Sunday,Sun,2,2,True,2022-01,2022-Q1
20220103,2022-01-03,2022,1,1,January,Jan,1,1,Monday,Mon,3,3,False,2022-01,2022-Q1
20220104,2022-01-04,2022,1,1,January,Jan,1,2,Tuesday,Tue,4,4,False,2022-01,2022-Q1
20220105,2022-01-05,2022,1,1,January,Jan,1,3,Wednesday,Wed,5,5,False,2022-01,2022-Q1
20220106,2022-01-06,2022,1,1,January,Jan,1,4,Thursday,Thu,6,6,False,2022-01,2022-Q1
20220107,2022-01-07,2022,1,1,January,Jan,1,5,Friday,Fri,7,7,False,2022-01,2022-Q1
20220108,2022-01-08,2022,1,1,January,Jan,1,6,Saturday,Sat,8,8,True,2022-01,2022-Q1
20220109,2022-01-09,2022,1,1,January,Jan,1,7,Sunday,Sun,9,9,True,2022-01,2022-Q1
20220110,2022-01-10,2022,1,1,January,Jan,2,1,Monday,Mon,10,10,False,2022-01,2022-Q1
20220111,2022-01-11,2022,1,1,January,Jan,2,2,Tuesday,Tue,11,11,False,2022-01,2022-Q1
20220112,2022-01-12,2022,1,1,January,Jan,2,3,Wednesday,Wed,12,12,False,2022-01,2022-Q1
20220113,2022-01-13,2022,1,1,January,Jan,2,4,Thursday,Thu,13,13,False,2022-01,2022-Q1
20220114,2022-01-14,2022,1,1,January,Jan,2,5,Friday,Fri,14,14,False,2022-01,2022-Q1
20220115,2022-01-15,2022,1,1,January,Jan,2,6,Saturday,Sat,15,15,True,2022-01,2022-Q1
20220116,2022-01-16,2022,1,1,January,Jan,2,7,Sunday,Sun,16,16,True,2022-01,2022-Q1
20220117,2022-01-17,2022,1,1,January,Jan,3,1,Monday,Mon,17,17,False,2022-01,2022-Q1
20220118,2022-01-18,2022,1,1,January,Jan,3,2,Tuesday,Tue,18,18,False,2022-01,2022-Q1
20220119,2022-01-19,2022,1,1,January,Jan,3,3,Wednesday,Wed,19,19,False,2022-01,2022-Q1
20220120,2022-01-20,2022,1,1,January,Jan,3,4,Thursday,Thu,20,20,False,2022-01,2022-Q1
20220121,2022-01-21,2022,1,1,January,Jan,3,5,Friday,Fri,21,21,False,2022-01,2022-Q1
20220122,2022-01-22,2022,1,1,January,Jan,3,6,Saturday,Sat,22,22,True,2022-01,2022-Q1
20220123,2022-01-23,2022,1,1,January,Jan,3,7,Sunday,Sun,23,23,True,2022-01,2022-Q1
20220124,2022-01-24,2022,1,1,January,Jan,4,1,Monday,Mon,24,24,False,2022-01,2022-Q1
20220125,2022-01-25,2022,1,1,January,Jan,4,2,Tuesday,Tue,25,25,False,2022-01,2022-Q1
20220126,2022-01-26,2022,1,1,January,Jan,4,3,Wednesday,Wed,26,26,False,2022-01,2022-Q1
20220127,2022-01-27,2022,1,1,January,Jan,4,4,Thursday,Thu,27,27,False,2022-01,2022-Q1
20220128,2022-01-28,2022,1,1,January,Jan,4,5,Friday,Fri,28,28,False,2022-01,2022-Q1
20220129,2022-01-29,2022,1,1,January,Jan,4,6,Saturday,Sat,29,29,True,2022-01,2022-Q1
20220130,2022-01-30,2022,1,1,January,Jan,4,7,Sunday,Sun,30,30,True,2022-01,2022-Q1
20220131,2022-01-31,2022,1,1,January,Jan,5,1,Monday,Mon,31,31,False,2022-01,2022-Q1
20220201,2022-02-01,2022,1,2,February,Feb,5,2,Tuesday,Tue,1,32,False,2022-02,2022-Q1
20220202,2022-02-02,2022,1,2,February,Feb,5,3,Wednesday,Wed,2,33,False,2022-02,2022-Q1
20220203,2022-02-03,2022,1,2,February,Feb,5,4,Thursday,Thu,3,34,False,2022-02,2022-Q1
20220204,2022-02-04,2022,1,2,February,Feb,5,5,Friday,Fri,4,35,False,2022-02,2022-Q1
20220205,2022-02-05,2022,1,2,February,Feb,5,6,Saturday,Sat,5,36,True,2022-02,2022-Q1
20220206,2022-02-06,2022,1,2,February,Feb,5,7,Sunday,Sun,6,37,True,2022-02,2022-Q1
20220207,2022-02-07,2022,1,2,February,Feb,6,1,Monday,Mon,7,38,False,2022-02,2022-Q1
20220208,2022-02-08,2022,1,2,February,Feb,6,2,Tuesday,Tue,8,39,False,2022-02,2022-Q1
20220209,2022-02-09,2022,1,2,February,Feb,6,3,Wednesday,Wed,9,40,False,2022-02,2022-Q1
20220210,2022-02-10,2022,1,2,February,Feb,6,4,Thursday,Thu,10,41,False,2022-02,2022-Q1
20220211,2022-02-11,2022,1,2,February,Feb,6,5,Friday,Fri,11,42,False,2022-02,2022-Q1
20220212,2022-02-12,2022,1,2,February,Feb,6,6,Saturday,Sat,12,43,True,2022-02,2022-Q1
20220213,2022-02-13,2022,1,2,February,Feb,6,7,Sunday,Sun,13,44,True,2022-02,2022-Q1
20220214,2022-02-14,2022,1,2,February,Feb,7,1,Monday,Mon,14,45,False,2022-02,2022-Q1
20220215,2022-02-15,2022,1,2,February,Feb,7,2,Tuesday,Tue,15,46,False,2022-02,2022-Q1
20220216,2022-02-16,2022,1,2,February,Feb,7,3,Wednesday,Wed,16,47,False,2022-02,2022-Q1
20220217,2022-02-17,2022,1,2,February,Feb,7,4,Thursday,Thu,17,48,False,2022-02,2022-Q1
20220218,2022-02-18,2022,1,2,February,Feb,7,5,Friday,Fri,18,49,False,2022-02,2022-Q1
20220219,2022-02-19,2022,1,2,February,Feb,7,6,Saturday,Sat,19,50,True,2022-02,2022-Q1
20220220,2022-02-20,2022,1,2,February,Feb,7,7,Sunday,Sun,20,51,True,2022-02,2022-Q1
20220221,2022-02-21,2022,1,2,February,Feb,8,1,Monday,Mon,21,52,False,2022-02,2022-Q1
20220222,2022-02-22,2022,1,2,February,Feb,8,2,Tuesday,Tue,22,53,False,2022-02,2022-Q1
20220223,2022-02-23,2022,1,2,February,Feb,8,3,Wednesday,Wed,23,54,False,2022-02,2022-Q1
20220224,2022-02-24,2022,1,2,February,Feb,8,4,Thursday,Thu,24,55,False,2022-02,2022-Q1
20220225,2022-02-25,2022,1,2,February,Feb,8,5,Friday,Fri,25,56,False,2022-02,2022-Q1
20220226,2022-02-26,2022,1,2,February,Feb,8,6,Saturday,Sat,26,57,True,2022-02,2022-Q1
20220227,2022-02-27,2022,1,2,February,Feb,8,7,Sunday,Sun,27,58,True,2022-02,2022-Q1
20220228,2022-02-28,2022,1,2,February,Feb,9,1,Monday,Mon,28,59,False,2022-02,2022-Q1
20220301,2022-03-01,2022,1,3,March,Mar,9,2,Tuesday,Tue,1,60,False,2022-03,2022-Q1
20220302,2022-03-02,2022,1,3,March,Mar,9,3,Wednesday,Wed,2,61,False,2022-03,2022-Q1
20220303,2022-03-03,2022,1,3,March,Mar,9,4,Thursday,Thu,3,62,False,2022-03,2022-Q1
20220304,2022-03-04,2022,1,3,March,Mar,9,5,Friday,Fri,4,63,False,2022-03,2022-Q1
20220305,2022-03-05,2022,1,3,March,Mar,9,6,Saturday,Sat,5,64,True,2022-03,2022-Q1
20220306,2022-03-06,2022,1,3,March,Mar,9,7,Sunday,Sun,6,65,True,2022-03,2022-Q1
20220307,2022-03-07,2022,1,3,March,Mar,10,1,Monday,Mon,7,66,False,2022-03,2022-Q1
20220308,2022-03-08,2022,1,3,March,Mar,10,2,Tuesday,Tue,8,67,False,2022-03,2022-Q1
20220309,2022-03-09,2022,1,3,March,Mar,10,3,Wednesday,Wed,9,68,False,2022-03,2022-Q1
20220310,2022-03-10,2022,1,3,March,Mar,10,4,Thursday,Thu,10,69,False,2022-03,2022-Q1
20220311,2022-03-11,2022,1,3,March,Mar,10,5,Friday,Fri,11,70,False,2022-03,2022-Q1
20220312,2022-03-12,2022,1,3,March,Mar,10,6,Saturday,Sat,12,71,True,2022-03,2022-Q1
20220313,2022-03-13,2022,1,3,March,Mar,10,7,Sunday,Sun,13,72,True,2022-03,2022-Q1
20220314,2022-03-14,2022,1,3,March,Mar,11,1,Monday,Mon,14,73,False,2022-03,2022-Q1
20220315,2022-03-15,2022,1,3,March,Mar,11,2,Tuesday,Tue,15,74,False,2022-03,2022-Q1
20220316,2022-03-16,2022,1,3,March,Mar,11,3,Wednesday,Wed,16,75,False,2022-03,2022-Q1
20220317,2022-03-17,2022,1,3,March,Mar,11,4,Thursday,Thu,17,76,False,2022-03,2022-Q1
20220318,2022-03-18,2022,1,3,March,Mar,11,5,Friday,Fri,18,77,False,2022-03,2022-Q1
20220319,2022-03-19,2022,1,3,March,Mar,11,6,Saturday,Sat,19,78,True,2022-03,2022-Q1
20220320,2022-03-20,2022,1,3,March,Mar,11,7,Sunday,Sun,20,79,True,2022-03,2022-Q1
20220321,2022-03-21,2022,1,3,March,Mar,12,1,Monday,Mon,21,80,False,2022-03,2022-Q1
20220322,2022-03-22,2022,1,3,March,Mar,12,2,Tuesday,Tue,22,81,False,2022-03,2022-Q1
20220323,2022-03-23,2022,1,3,March,Mar,12,3,Wednesday,Wed,23,82,False,2022-03,2022-Q1
20220324,2022-03-24,2022,1,3,March,Mar,12,4,Thursday,Thu,24,83,False,2022-03,2022-Q1
20220325,2022-03-25,2022,1,3,March,Mar,12,5,Friday,Fri,25,84,False,2022-03,2022-Q1
20220326,2022-03-26,2022,1,3,March,Mar,12,6,Saturday,Sat,26,85,True,2022-03,2022-Q1
20220327,2022-03-27,2022,1,3,March,Mar,12,7,Sunday,Sun,27,86,True,2022-03,2022-Q1
20220328,2022-03-28,2022,1,3,March,Mar,13,1,Monday,Mon,28,87,False,2022-03,2022-Q1
20220329,2022-03-29,2022,1,3,March,Mar,13,2,Tuesday,Tue,29,88,False,2022-03,2022-Q1
20220330,2022-03-30,2022,1,3,March,Mar,13,3,Wednesday,Wed,30,89,False,2022-03,2022-Q1
20220331,2022-03-31,2022,1,3,March,Mar,13,4,Thursday,Thu,31,90,False,2022-03,2022-Q1
20220401,2022-04-01,2022,2,4,April,Apr,13,5,Friday,Fri,1,91,False,2022-04,2022-Q2
20220402,2022-04-02,2022,2,4,April,Apr,13,6,Saturday,Sat,2,92,True,2022-04,2022-Q2
20220403,2022-04-03,2022,2,4,April,Apr,13,7,Sunday,Sun,3,93,True,2022-04,2022-Q2
20220404,2022-04-04,2022,2,4,April,Apr,14,1,Monday,Mon,4,94,False,2022-04,2022-Q2
20220405,2022-04-05,2022,2,4,April,Apr,14,2,Tuesday,Tue,5,95,False,2022-04,2022-Q2
20220406,2022-04-06,2022,2,4,April,Apr,14,3,Wednesday,Wed,6,96,False,2022-04,2022-Q2
20220407,2022-04-07,2022,2,4,April,Apr,14,4,Thursday,Thu,7,97,False,2022-04,2022-Q2
20220408,2022-04-08,2022,2,4,April,Apr,14,5,Friday,Fri,8,98,False,2022-04,2022-Q2
20220409,2022-04-09,2022,2,4,April,Apr,14,6,Saturday,Sat,9,99,True,2022-04,2022-Q2
20220410,2022-04-10,2022,2,4,April,Apr,14,7,Sunday,Sun,10,100,True,2022-04,2022-Q2
20220411,2022-04-11,2022,2,4,April,Apr,15,1,Monday,Mon,11,101,False,2022-04,2022-Q2
20220412,2022-04-12,2022,2,4,April,Apr,15,2,Tuesday,Tue,12,102,False,2022-04,2022-Q2
20220413,2022-04-13,2022,2,4,April,Apr,15,3,Wednesday,Wed,13,103,False,2022-04,2022-Q2
20220414,2022-04-14,2022,2,4,April,Apr,15,4,Thursday,Thu,14,104,False,2022-04,2022-Q2
20220415,2022-04-15,2022,2,4,April,Apr,15,5,Friday,Fri,15,105,False,2022-04,2022-Q2
20220416,2022-04-16,2022,2,4,April,Apr,15,6,Saturday,Sat,16,106,True,2022-04,2022-Q2
20220417,2022-04-17,2022,2,4,April,Apr,15,7,Sunday,Sun,17,107,True,2022-04,2022-Q2
20220418,2022-04-18,2022,2,4,April,Apr,16,1,Monday,Mon,18,108,False,2022-04,2022-Q2
20220419,2022-04-19,2022,2,4,April,Apr,16,2,Tuesday,Tue,19,109,False,2022-04,2022-Q2
20220420,2022-04-20,2022,2,4,April,Apr,16,3,Wednesday,Wed,20,110,False,2022-04,2022-Q2
20220421,2022-04-21,2022,2,4,April,Apr,16,4,Thursday,Thu,21,111,False,2022-04,2022-Q2
20220422,2022-04-22,2022,2,4,April,Apr,16,5,Friday,Fri,22,112,False,2022-04,2022-Q2
20220423,2022-04-23,2022,2,4,April,Apr,16,6,Saturday,Sat,23,113,True,2022-04,2022-Q2
20220424,2022-04-24,2022,2,4,April,Apr,16,7,Sunday,Sun,24,114,True,2022-04,2022-Q2
20220425,2022-04-25,2022,2,4,April,Apr,17,1,Monday,Mon,25,115,False,2022-04,2022-Q2
20220426,2022-04-26,2022,2,4,April,Apr,17,2,Tuesday,Tue,26,116,False,2022-04,2022-Q2
20220427,2022-04-27,2022,2,4,April,Apr,17,3,Wednesday,Wed,27,117,False,2022-04,2022-Q2
20220428,2022-04-28,2022,2,4,April,Apr,17,4,Thursday,Thu,28,118,False,2022-04,2022-Q2
20220429,2022-04-29,2022,2,4,April,Apr,17,5,Friday,Fri,29,119,False,2022-04,2022-Q2
20220430,2022-04-30,2022,2,4,April,Apr,17,6,Saturday,Sat,30,120,True,2022-04,2022-Q2
20220501,2022-05-01,2022,2,5,May,May,17,7,Sunday,Sun,1,121,True,2022-05,2022-Q2
20220502,2022-05-02,2022,2,5,May,May,18,1,Monday,Mon,2,122,False,2022-05,2022-Q2
20220503,2022-05-03,2022,2,5,May,May,18,2,Tuesday,Tue,3,123,False,2022-05,2022-Q2
20220504,2022-05-04,2022,2,5,May,May,18,3,Wednesday,Wed,4,124,False,2022-05,2022-Q2
20220505,2022-05-05,2022,2,5,May,May,18,4,Thursday,Thu,5,125,False,2022-05,2022-Q2
20220506,2022-05-06,2022,2,5,May,May,18,5,Friday,Fri,6,126,False,2022-05,2022-Q2
20220507,2022-05-07,2022,2,5,May,May,18,6,Saturday,Sat,7,127,True,2022-05,2022-Q2
20220508,2022-05-08,2022,2,5,May,May,18,7,Sunday,Sun,8,128,True,2022-05,2022-Q2
20220509,2022-05-09,2022,2,5,May,May,19,1,Monday,Mon,9,129,False,2022-05,2022-Q2
20220510,2022-05-10,2022,2,5,May,May,19,2,Tuesday,Tue,10,130,False,2022-05,2022-Q2
20220511,2022-05-11,2022,2,5,May,May,19,3,Wednesday,Wed,11,131,False,2022-05,2022-Q2
20220512,2022-05-12,2022,2,5,May,May,19,4,Thursday,Thu,12,132,False,2022-05,2022-Q2
20220513,2022-05-13,2022,2,5,May,May,19,5,Friday,Fri,13,133,False,2022-05,2022-Q2
20220514,2022-05-14,2022,2,5,May,May,19,6,Saturday,Sat,14,134,True,2022-05,2022-Q2
20220515,2022-05-15,2022,2,5,May,May,19,7,Sunday,Sun,15,135,True,2022-05,2022-Q2
20220516,2022-05-16,2022,2,5,May,May,20,1,Monday,Mon,16,136,False,2022-05,2022-Q2
20220517,2022-05-17,2022,2,5,May,May,20,2,Tuesday,Tue,17,137,False,2022-05,2022-Q2
20220518,2022-05-18,2022,2,5,May,May,20,3,Wednesday,Wed,18,138,False,2022-05,2022-Q2
20220519,2022-05-19,2022,2,5,May,May,20,4,Thursday,Thu,19,139,False,2022-05,2022-Q2
20220520,2022-05-20,2022,2,5,May,May,20,5,Friday,Fri,20,140,False,2022-05,2022-Q2
20220521,2022-05-21,2022,2,5,May,May,20,6,Saturday,Sat,21,141,True,2022-05,2022-Q2
20220522,2022-05-22,2022,2,5,May,May,20,7,Sunday,Sun,22,142,True,2022-05,2022-Q2
20220523,2022-05-23,2022,2,5,May,May,21,1,Monday,Mon,23,143,False,2022-05,2022-Q2
20220524,2022-05-24,2022,2,5,May,May,21,2,Tuesday,Tue,24,144,False,2022-05,2022-Q2
20220525,2022-05-25,2022,2,5,May,May,21,3,Wednesday,Wed,25,145,False,2022-05,2022-Q2
20220526,2022-05-26,2022,2,5,May,May,21,4,Thursday,Thu,26,146,False,2022-05,2022-Q2
20220527,2022-05-27,2022,2,5,May,May,21,5,Friday,Fri,27,147,False,2022-05,2022-Q2
20220528,2022-05-28,2022,2,5,May,May,21,6,Saturday,Sat,28,148,True,2022-05,2022-Q2
20220529,2022-05-29,2022,2,5,May,May,21,7,Sunday,Sun,29,149,True,2022-05,2022-Q2
20220530,2022-05-30,2022,2,5,May,May,22,1,Monday,Mon,30,150,False,2022-05,2022-Q2
20220531,2022-05-31,2022,2,5,May,May,22,2,Tuesday,Tue,31,151,False,2022-05,2022-Q2
20220601,2022-06-01,2022,2,6,June,Jun,22,3,Wednesday,Wed,1,152,False,2022-06,2022-Q2
20220602,2022-06-02,2022,2,6,June,Jun,22,4,Thursday,Thu,2,153,False,2022-06,2022-Q2
20220603,2022-06-03,2022,2,6,June,Jun,22,5,Friday,Fri,3,154,False,2022-06,2022-Q2
20220604,2022-06-04,2022,2,6,June,Jun,22,6,Saturday,Sat,4,155,True,2022-06,2022-Q2
20220605,2022-06-05,2022,2,6,June,Jun,22,7,Sunday,Sun,5,156,True,2022-06,2022-Q2
20220606,2022-06-06,2022,2,6,June,Jun,23,1,Monday,Mon,6,157,False,2022-06,2022-Q2
20220607,2022-06-07,2022,2,6,June,Jun,23,2,Tuesday,Tue,7,158,False,2022-06,2022-Q2
20220608,2022-06-08,2022,2,6,June,Jun,23,3,Wednesday,Wed,8,159,False,2022-06,2022-Q2
20220609,2022-06-09,2022,2,6,June,Jun,23,4,Thursday,Thu,9,160,False,2022-06,2022-Q2
20220610,2022-06-10,2022,2,6,June,Jun,23,5,Friday,Fri,10,161,False,2022-06,2022-Q2
20220611,2022-06-11,2022,2,6,June,Jun,23,6,Saturday,Sat,11,162,True,2022-06,2022-Q2
20220612,2022-06-12,2022,2,6,June,Jun,23,7,Sunday,Sun,12,163,True,2022-06,2022-Q2
20220613,2022-06-13,2022,2,6,June,Jun,24,1,Monday,Mon,13,164,False,2022-06,2022-Q2
20220614,2022-06-14,2022,2,6,June,Jun,24,2,Tuesday,Tue,14,165,False,2022-06,2022-Q2
20220615,2022-06-15,2022,2,6,June,Jun,24,3,Wednesday,Wed,15,166,False,2022-06,2022-Q2
20220616,2022-06-16,2022,2,6,June,Jun,24,4,Thursday,Thu,16,167,False,2022-06,2022-Q2
20220617,2022-06-17,2022,2,6,June,Jun,24,5,Friday,Fri,17,168,False,2022-06,2022-Q2
20220618,2022-06-18,2022,2,6,June,Jun,24,6,Saturday,Sat,18,169,True,2022-06,2022-Q2
20220619,2022-06-19,2022,2,6,June,Jun,24,7,Sunday,Sun,19,170,True,2022-06,2022-Q2
20220620,2022-06-20,2022,2,6,June,Jun,25,1,Monday,Mon,20,171,False,2022-06,2022-Q2
20220621,2022-06-21,2022,2,6,June,Jun,25,2,Tuesday,Tue,21,172,False,2022-06,2022-Q2
20220622,2022-06-22,2022,2,6,June,Jun,25,3,Wednesday,Wed,22,173,False,2022-06,2022-Q2
20220623,2022-06-23,2022,2,6,June,Jun,25,4,Thursday,Thu,23,174,False,2022-06,2022-Q2
20220624,2022-06-24,2022,2,6,June,Jun,25,5,Friday,Fri,24,175,False,2022-06,2022-Q2
20220625,2022-06-25,2022,2,6,June,Jun,25,6,Saturday,Sat,25,176,True,2022-06,2022-Q2
20220626,2022-06-26,2022,2,6,June,Jun,25,7,Sunday,Sun,26,177,True,2022-06,2022-Q2
20220627,2022-06-27,2022,2,6,June,Jun,26,1,Monday,Mon,27,178,False,2022-06,2022-Q2
20220628,2022-06-28,2022,2,6,June,Jun,26,2,Tuesday,Tue,28,179,False,2022-06,2022-Q2
20220629,2022-06-29,2022,2,6,June,Jun,26,3,Wednesday,Wed,29,180,False,2022-06,2022-Q2
20220630,2022-06-30,2022,2,6,June,Jun,26,4,Thursday,Thu,30,181,False,2022-06,2022-Q2
20220701,2022-07-01,2022,3,7,July,Jul,26,5,Friday,Fri,1,182,False,2022-07,2022-Q3
20220702,2022-07-02,2022,3,7,July,Jul,26,6,Saturday,Sat,2,183,True,2022-07,2022-Q3
20220703,2022-07-03,2022,3,7,July,Jul,26,7,Sunday,Sun,3,184,True,2022-07,2022-Q3
20220704,2022-07-04,2022,3,7,July,Jul,27,1,Monday,Mon,4,185,False,2022-07,2022-Q3
20220705,2022-07-05,2022,3,7,July,Jul,27,2,Tuesday,Tue,5,186,False,2022-07,2022-Q3
20220706,2022-07-06,2022,3,7,July,Jul,27,3,Wednesday,Wed,6,187,False,2022-07,2022-Q3
20220707,2022-07-07,2022,3,7,July,Jul,27,4,Thursday,Thu,7,188,False,2022-07,2022-Q3
20220708,2022-07-08,2022,3,7,July,Jul,27,5,Friday,Fri,8,189,False,2022-07,2022-Q3
20220709,2022-07-09,2022,3,7,July,Jul,27,6,Saturday,Sat,9,190,True,2022-07,2022-Q3
20220710,2022-07-10,2022,3,7,July,Jul,27,7,Sunday,Sun,10,191,True,2022-07,2022-Q3
20220711,2022-07-11,2022,3,7,July,Jul,28,1,Monday,Mon,11,192,False,2022-07,2022-Q3
20220712,2022-07-12,2022,3,7,July,Jul,28,2,Tuesday,Tue,12,193,False,2022-07,2022-Q3
20220713,2022-07-13,2022,3,7,July,Jul,28,3,Wednesday,Wed,13,194,False,2022-07,2022-Q3
20220714,2022-07-14,2022,3,7,July,Jul,28,4,Thursday,Thu,14,195,False,2022-07,2022-Q3
20220715,2022-07-15,2022,3,7,July,Jul,28,5,Friday,Fri,15,196,False,2022-07,2022-Q3
20220716,2022-07-16,2022,3,7,July,Jul,28,6,Saturday,Sat,16,197,True,2022-07,2022-Q3
20220717,2022-07-17,2022,3,7,July,Jul,28,7,Sunday,Sun,17,198,True,2022-07,2022-Q3
20220718,2022-07-18,2022,3,7,July,Jul,29,1,Monday,Mon,18,199,False,2022-07,2022-Q3
20220719,2022-07-19,2022,3,7,July,Jul,29,2,Tuesday,Tue,19,200,False,2022-07,2022-Q3
20220720,2022-07-20,2022,3,7,July,Jul,29,3,Wednesday,Wed,20,201,False,2022-07,2022-Q3
20220721,2022-07-21,2022,3,7,July,Jul,29,4,Thursday,Thu,21,202,False,2022-07,2022-Q3
20220722,2022-07-22,2022,3,7,July,Jul,29,5,Friday,Fri,22,203,False,2022-07,2022-Q3
20220723,2022-07-23,2022,3,7,July,Jul,29,6,Saturday,Sat,23,204,True,2022-07,2022-Q3
20220724,2022-07-24,2022,3,7,July,Jul,29,7,Sunday,Sun,24,205,True,2022-07,2022-Q3
20220725,2022-07-25,2022,3,7,July,Jul,30,1,Monday,Mon,25,206,False,2022-07,2022-Q3
20220726,2022-07-26,2022,3,7,July,Jul,30,2,Tuesday,Tue,26,207,False,2022-07,2022-Q3
20220727,2022-07-27,2022,3,7,July,Jul,30,3,Wednesday,Wed,27,208,False,2022-07,2022-Q3
20220728,2022-07-28,2022,3,7,July,Jul,30,4,Thursday,Thu,28,209,False,2022-07,2022-Q3
20220729,2022-07-29,2022,3,7,July,Jul,30,5,Friday,Fri,29,210,False,2022-07,2022-Q3
20220730,2022-07-30,2022,3,7,July,Jul,30,6,Saturday,Sat,30,211,True,2022-07,2022-Q3
20220731,2022-07-31,2022,3,7,July,Jul,30,7,Sunday,Sun,31,212,True,2022-07,2022-Q3
20220801,2022-08-01,2022,3,8,August,Aug,31,1,Monday,Mon,1,213,False,2022-08,2022-Q3
20220802,2022-08-02,2022,3,8,August,Aug,31,2,Tuesday,Tue,2,214,False,2022-08,2022-Q3
20220803,2022-08-03,2022,3,8,August,Aug,31,3,Wednesday,Wed,3,215,False,2022-08,2022-Q3
20220804,2022-08-04,2022,3,8,August,Aug,31,4,Thursday,Thu,4,216,False,2022-08,2022-Q3
20220805,2022-08-05,2022,3,8,August,Aug,31,5,Friday,Fri,5,217,False,2022-08,2022-Q3
20220806,2022-08-06,2022,3,8,August,Aug,31,6,Saturday,Sat,6,218,True,2022-08,2022-Q3
20220807,2022-08-07,2022,3,8,August,Aug,31,7,Sunday,Sun,7,219,True,2022-08,2022-Q3
20220808,2022-08-08,2022,3,8,August,Aug,32,1,Monday,Mon,8,220,False,2022-08,2022-Q3
20220809,2022-08-09,2022,3,8,August,Aug,32,2,Tuesday,Tue,9,221,False,2022-08,2022-Q3
20220810,2022-08-10,2022,3,8,August,Aug,32,3,Wednesday,Wed,10,222,False,2022-08,2022-Q3
20220811,2022-08-11,2022,3,8,August,Aug,32,4,Thursday,Thu,11,223,False,2022-08,2022-Q3
20220812,2022-08-12,2022,3,8,August,Aug,32,5,Friday,Fri,12,224,False,2022-08,2022-Q3
20220813,2022-08-13,2022,3,8,August,Aug,32,6,Saturday,Sat,13,225,True,2022-08,2022-Q3
20220814,2022-08-14,2022,3,8,August,Aug,32,7,Sunday,Sun,14,226,True,2022-08,2022-Q3
20220815,2022-08-15,2022,3,8,August,Aug,33,1,Monday,Mon,15,227,False,2022-08,2022-Q3
20220816,2022-08-16,2022,3,8,August,Aug,33,2,Tuesday,Tue,16,228,False,2022-08,2022-Q3
20220817,2022-08-17,2022,3,8,August,Aug,33,3,Wednesday,Wed,17,229,False,2022-08,2022-Q3
20220818,2022-08-18,2022,3,8,August,Aug,33,4,Thursday,Thu,18,230,False,2022-08,2022-Q3
20220819,2022-08-19,2022,3,8,August,Aug,33,5,Friday,Fri,19,231,False,2022-08,2022-Q3
20220820,2022-08-20,2022,3,8,August,Aug,33,6,Saturday,Sat,20,232,True,2022-08,2022-Q3
20220821,2022-08-21,2022,3,8,August,Aug,33,7,Sunday,Sun,21,233,True,2022-08,2022-Q3
20220822,2022-08-22,2022,3,8,August,Aug,34,1,Monday,Mon,22,234,False,2022-08,2022-Q3
20220823,2022-08-23,2022,3,8,August,Aug,34,2,Tuesday,Tue,23,235,False,2022-08,2022-Q3
20220824,2022-08-24,2022,3,8,August,Aug,34,3,Wednesday,Wed,24,236,False,2022-08,2022-Q3
20220825,2022-08-25,2022,3,8,August,Aug,34,4,Thursday,Thu,25,237,False,2022-08,2022-Q3
20220826,2022-08-26,2022,3,8,August,Aug,34,5,Friday,Fri,26,238,False,2022-08,2022-Q3
20220827,2022-08-27,2022,3,8,August,Aug,34,6,Saturday,Sat,27,239,True,2022-08,2022-Q3
20220828,2022-08-28,2022,3,8,August,Aug,34,7,Sunday,Sun,28,240,True,2022-08,2022-Q3
20220829,2022-08-29,2022,3,8,August,Aug,35,1,Monday,Mon,29,241,False,2022-08,2022-Q3
20220830,2022-08-30,2022,3,8,August,Aug,35,2,Tuesday,Tue,30,242,False,2022-08,2022-Q3
20220831,2022-08-31,2022,3,8,August,Aug,35,3,Wednesday,Wed,31,243,False,2022-08,2022-Q3
20220901,2022-09-01,2022,3,9,September,Sep,35,4,Thursday,Thu,1,244,False,2022-09,2022-Q3
20220902,2022-09-02,2022,3,9,September,Sep,35,5,Friday,Fri,2,245,False,2022-09,2022-Q3
20220903,2022-09-03,2022,3,9,September,Sep,35,6,Saturday,Sat,3,246,True,2022-09,2022-Q3
20220904,2022-09-04,2022,3,9,September,Sep,35,7,Sunday,Sun,4,247,True,2022-09,2022-Q3
20220905,2022-09-05,2022,3,9,September,Sep,36,1,Monday,Mon,5,248,False,2022-09,2022-Q3
20220906,2022-09-06,2022,3,9,September,Sep,36,2,Tuesday,Tue,6,249,False,2022-09,2022-Q3
20220907,2022-09-07,2022,3,9,September,Sep,36,3,Wednesday,Wed,7,250,False,2022-09,2022-Q3
20220908,2022-09-08,2022,3,9,September,Sep,36,4,Thursday,Thu,8,251,False,2022-09,2022-Q3
20220909,2022-09-09,2022,3,9,September,Sep,36,5,Friday,Fri,9,252,False,2022-09,2022-Q3
20220910,2022-09-10,2022,3,9,September,Sep,36,6,Saturday,Sat,10,253,True,2022-09,2022-Q3
20220911,2022-09-11,2022,3,9,September,Sep,36,7,Sunday,Sun,11,254,True,2022-09,2022-Q3
20220912,2022-09-12,2022,3,9,September,Sep,37,1,Monday,Mon,12,255,False,2022-09,2022-Q3
20220913,2022-09-13,2022,3,9,September,Sep,37,2,Tuesday,Tue,13,256,False,2022-09,2022-Q3
20220914,2022-09-14,2022,3,9,September,Sep,37,3,Wednesday,Wed,14,257,False,2022-09,2022-Q3
20220915,2022-09-15,2022,3,9,September,Sep,37,4,Thursday,Thu,15,258,False,2022-09,2022-Q3
20220916,2022-09-16,2022,3,9,September,Sep,37,5,Friday,Fri,16,259,False,2022-09,2022-Q3
20220917,2022-09-17,2022,3,9,September,Sep,37,6,Saturday,Sat,17,260,True,2022-09,2022-Q3
20220918,2022-09-18,2022,3,9,September,Sep,37,7,Sunday,Sun,18,261,True,2022-09,2022-Q3
20220919,2022-09-19,2022,3,9,September,Sep,38,1,Monday,Mon,19,262,False,2022-09,2022-Q3
20220920,2022-09-20,2022,3,9,September,Sep,38,2,Tuesday,Tue,20,263,False,2022-09,2022-Q3
20220921,2022-09-21,2022,3,9,September,Sep,38,3,Wednesday,Wed,21,264,False,2022-09,2022-Q3
20220922,2022-09-22,2022,3,9,September,Sep,38,4,Thursday,Thu,22,265,False,2022-09,2022-Q3
20220923,2022-09-23,2022,3,9,September,Sep,38,5,Friday,Fri,23,266,False,2022-09,2022-Q3
20220924,2022-09-24,2022,3,9,September,Sep,38,6,Saturday,Sat,24,267,True,2022-09,2022-Q3
20220925,2022-09-25,2022,3,9,September,Sep,38,7,Sunday,Sun,25,268,True,2022-09,2022-Q3
20220926,2022-09-26,2022,3,9,September,Sep,39,1,Monday,Mon,26,269,False,2022-09,2022-Q3
20220927,2022-09-27,2022,3,9,September,Sep,39,2,Tuesday,Tue,27,270,False,2022-09,2022-Q3
20220928,2022-09-28,2022,3,9,September,Sep,39,3,Wednesday,Wed,28,271,False,2022-09,2022-Q3
20220929,2022-09-29,2022,3,9,September,Sep,39,4,Thursday,Thu,29,272,False,2022-09,2022-Q3
20220930,2022-09-30,2022,3,9,September,Sep,39,5,Friday,Fri,30,273,False,2022-09,2022-Q3
20221001,2022-10-01,2022,4,10,October,Oct,39,6,Saturday,Sat,1,274,True,2022-10,2022-Q4
20221002,2022-10-02,2022,4,10,October,Oct,39,7,Sunday,Sun,2,275,True,2022-10,2022-Q4
20221003,2022-10-03,2022,4,10,October,Oct,40,1,Monday,Mon,3,276,False,2022-10,2022-Q4
20221004,2022-10-04,2022,4,10,October,Oct,40,2,Tuesday,Tue,4,277,False,2022-10,2022-Q4
20221005,2022-10-05,2022,4,10,October,Oct,40,3,Wednesday,Wed,5,278,False,2022-10,2022-Q4
20221006,2022-10-06,2022,4,10,October,Oct,40,4,Thursday,Thu,6,279,False,2022-10,2022-Q4
20221007,2022-10-07,2022,4,10,October,Oct,40,5,Friday,Fri,7,280,False,2022-10,2022-Q4
20221008,2022-10-08,2022,4,10,October,Oct,40,6,Saturday,Sat,8,281,True,2022-10,2022-Q4
20221009,2022-10-09,2022,4,10,October,Oct,40,7,Sunday,Sun,9,282,True,2022-10,2022-Q4
20221010,2022-10-10,2022,4,10,October,Oct,41,1,Monday,Mon,10,283,False,2022-10,2022-Q4
20221011,2022-10-11,2022,4,10,October,Oct,41,2,Tuesday,Tue,11,284,False,2022-10,2022-Q4
20221012,2022-10-12,2022,4,10,October,Oct,41,3,Wednesday,Wed,12,285,False,2022-10,2022-Q4
20221013,2022-10-13,2022,4,10,October,Oct,41,4,Thursday,Thu,13,286,False,2022-10,2022-Q4
20221014,2022-10-14,2022,4,10,October,Oct,41,5,Friday,Fri,14,287,False,2022-10,2022-Q4
20221015,2022-10-15,2022,4,10,October,Oct,41,6,Saturday,Sat,15,288,True,2022-10,2022-Q4
20221016,2022-10-16,2022,4,10,October,Oct,41,7,Sunday,Sun,16,289,True,2022-10,2022-Q4
20221017,2022-10-17,2022,4,10,October,Oct,42,1,Monday,Mon,17,290,False,2022-10,2022-Q4
20221018,2022-10-18,2022,4,10,October,Oct,42,2,Tuesday,Tue,18,291,False,2022-10,2022-Q4
20221019,2022-10-19,2022,4,10,October,Oct,42,3,Wednesday,Wed,19,292,False,2022-10,2022-Q4
20221020,2022-10-20,2022,4,10,October,Oct,42,4,Thursday,Thu,20,293,False,2022-10,2022-Q4
20221021,2022-10-21,2022,4,10,October,Oct,42,5,Friday,Fri,21,294,False,2022-10,2022-Q4
20221022,2022-10-22,2022,4,10,October,Oct,42,6,Saturday,Sat,22,295,True,2022-10,2022-Q4
20221023,2022-10-23,2022,4,10,October,Oct,42,7,Sunday,Sun,23,296,True,2022-10,2022-Q4
20221024,2022-10-24,2022,4,10,October,Oct,43,1,Monday,Mon,24,297,False,2022-10,2022-Q4
20221025,2022-10-25,2022,4,10,October,Oct,43,2,Tuesday,Tue,25,298,False,2022-10,2022-Q4
20221026,2022-10-26,2022,4,10,October,Oct,43,3,Wednesday,Wed,26,299,False,2022-10,2022-Q4
20221027,2022-10-27,2022,4,10,October,Oct,43,4,Thursday,Thu,27,300,False,2022-10,2022-Q4
20221028,2022-10-28,2022,4,10,October,Oct,43,5,Friday,Fri,28,301,False,2022-10,2022-Q4
20221029,2022-10-29,2022,4,10,October,Oct,43,6,Saturday,Sat,29,302,True,2022-10,2022-Q4
20221030,2022-10-30,2022,4,10,October,Oct,43,7,Sunday,Sun,30,303,True,2022-10,2022-Q4
20221031,2022-10-31,2022,4,10,October,Oct,44,1,Monday,Mon,31,304,False,2022-10,2022-Q4
20221101,2022-11-01,2022,4,11,November,Nov,44,2,Tuesday,Tue,1,305,False,2022-11,2022-Q4
20221102,2022-11-02,2022,4,11,November,Nov,44,3,Wednesday,Wed,2,306,False,2022-11,2022-Q4
20221103,2022-11-03,2022,4,11,November,Nov,44,4,Thursday,Thu,3,307,False,2022-11,2022-Q4
20221104,2022-11-04,2022,4,11,November,Nov,44,5,Friday,Fri,4,308,False,2022-11,2022-Q4
20221105,2022-11-05,2022,4,11,November,Nov,44,6,Saturday,Sat,5,309,True,2022-11,2022-Q4
20221106,2022-11-06,2022,4,11,November,Nov,44,7,Sunday,Sun,6,310,True,2022-11,2022-Q4
20221107,2022-11-07,2022,4,11,November,Nov,45,1,Monday,Mon,7,311,False,2022-11,2022-Q4
20221108,2022-11-08,2022,4,11,November,Nov,45,2,Tuesday,Tue,8,312,False,2022-11,2022-Q4
20221109,2022-11-09,2022,4,11,November,Nov,45,3,Wednesday,Wed,9,313,False,2022-11,2022-Q4
20221110,2022-11-10,2022,4,11,November,Nov,45,4,Thursday,Thu,10,314,False,2022-11,2022-Q4
20221111,2022-11-11,2022,4,11,November,Nov,45,5,Friday,Fri,11,315,False,2022-11,2022-Q4
20221112,2022-11-12,2022,4,11,November,Nov,45,6,Saturday,Sat,12,316,True,2022-11,2022-Q4
20221113,2022-11-13,2022,4,11,November,Nov,45,7,Sunday,Sun,13,317,True,2022-11,2022-Q4
20221114,2022-11-14,2022,4,11,November,Nov,46,1,Monday,Mon,14,318,False,2022-11,2022-Q4
20221115,2022-11-15,2022,4,11,November,Nov,46,2,Tuesday,Tue,15,319,False,2022-11,2022-Q4
20221116,2022-11-16,2022,4,11,November,Nov,46,3,Wednesday,Wed,16,320,False,2022-11,2022-Q4
20221117,2022-11-17,2022,4,11,November,Nov,46,4,Thursday,Thu,17,321,False,2022-11,2022-Q4
20221118,2022-11-18,2022,4,11,November,Nov,46,5,Friday,Fri,18,322,False,2022-11,2022-Q4
20221119,2022-11-19,2022,4,11,November,Nov,46,6,Saturday,Sat,19,323,True,2022-11,2022-Q4
20221120,2022-11-20,2022,4,11,November,Nov,46,7,Sunday,Sun,20,324,True,2022-11,2022-Q4
20221121,2022-11-21,2022,4,11,November,Nov,47,1,Monday,Mon,21,325,False,2022-11,2022-Q4
20221122,2022-11-22,2022,4,11,November,Nov,47,2,Tuesday,Tue,22,326,False,2022-11,2022-Q4
20221123,2022-11-23,2022,4,11,November,Nov,47,3,Wednesday,Wed,23,327,False,2022-11,2022-Q4
20221124,2022-11-24,2022,4,11,November,Nov,47,4,Thursday,Thu,24,328,False,2022-11,2022-Q4
20221125,2022-11-25,2022,4,11,November,Nov,47,5,Friday,Fri,25,329,False,2022-11,2022-Q4
20221126,2022-11-26,2022,4,11,November,Nov,47,6,Saturday,Sat,26,330,True,2022-11,2022-Q4
20221127,2022-11-27,2022,4,11,November,Nov,47,7,Sunday,Sun,27,331,True,2022-11,2022-Q4
20221128,2022-11-28,2022,4,11,November,Nov,48,1,Monday,Mon,28,332,False,2022-11,2022-Q4
20221129,2022-11-29,2022,4,11,November,Nov,48,2,Tuesday,Tue,29,333,False,2022-11,2022-Q4
20221130,2022-11-30,2022,4,11,November,Nov,48,3,Wednesday,Wed,30,334,False,2022-11,2022-Q4
20221201,2022-12-01,2022,4,12,December,Dec,48,4,Thursday,Thu,1,335,False,2022-12,2022-Q4
20221202,2022-12-02,2022,4,12,December,Dec,48,5,Friday,Fri,2,336,False,2022-12,2022-Q4
20221203,2022-12-03,2022,4,12,December,Dec,48,6,Saturday,Sat,3,337,True,2022-12,2022-Q4
20221204,2022-12-04,2022,4,12,December,Dec,48,7,Sunday,Sun,4,338,True,2022-12,2022-Q4
20221205,2022-12-05,2022,4,12,December,Dec,49,1,Monday,Mon,5,339,False,2022-12,2022-Q4
20221206,2022-12-06,2022,4,12,December,Dec,49,2,Tuesday,Tue,6,340,False,2022-12,2022-Q4
20221207,2022-12-07,2022,4,12,December,Dec,49,3,Wednesday,Wed,7,341,False,2022-12,2022-Q4
20221208,2022-12-08,2022,4,12,December,Dec,49,4,Thursday,Thu,8,342,False,2022-12,2022-Q4
20221209,2022-12-09,2022,4,12,December,Dec,49,5,Friday,Fri,9,343,False,2022-12,2022-Q4
20221210,2022-12-10,2022,4,12,December,Dec,49,6,Saturday,Sat,10,344,True,2022-12,2022-Q4
20221211,2022-12-11,2022,4,12,December,Dec,49,7,Sunday,Sun,11,345,True,2022-12,2022-Q4
20221212,2022-12-12,2022,4,12,December,Dec,50,1,Monday,Mon,12,346,False,2022-12,2022-Q4
20221213,2022-12-13,2022,4,12,December,Dec,50,2,Tuesday,Tue,13,347,False,2022-12,2022-Q4
20221214,2022-12-14,2022,4,12,December,Dec,50,3,Wednesday,Wed,14,348,False,2022-12,2022-Q4
20221215,2022-12-15,2022,4,12,December,Dec,50,4,Thursday,Thu,15,349,False,2022-12,2022-Q4
20221216,2022-12-16,2022,4,12,December,Dec,50,5,Friday,Fri,16,350,False,2022-12,2022-Q4
20221217,2022-12-17,2022,4,12,December,Dec,50,6,Saturday,Sat,17,351,True,2022-12,2022-Q4
20221218,2022-12-18,2022,4,12,December,Dec,50,7,Sunday,Sun,18,352,True,2022-12,2022-Q4
20221219,2022-12-19,2022,4,12,December,Dec,51,1,Monday,Mon,19,353,False,2022-12,2022-Q4
20221220,2022-12-20,2022,4,12,December,Dec,51,2,Tuesday,Tue,20,354,False,2022-12,2022-Q4
20221221,2022-12-21,2022,4,12,December,Dec,51,3,Wednesday,Wed,21,355,False,2022-12,2022-Q4
20221222,2022-12-22,2022,4,12,December,Dec,51,4,Thursday,Thu,22,356,False,2022-12,2022-Q4
20221223,2022-12-23,2022,4,12,December,Dec,51,5,Friday,Fri,23,357,False,2022-12,2022-Q4
20221224,2022-12-24,2022,4,12,December,Dec,51,6,Saturday,Sat,24,358,True,2022-12,2022-Q4
20221225,2022-12-25,2022,4,12,December,Dec,51,7,Sunday,Sun,25,359,True,2022-12,2022-Q4
20221226,2022-12-26,2022,4,12,December,Dec,52,1,Monday,Mon,26,360,False,2022-12,2022-Q4
20221227,2022-12-27,2022,4,12,December,Dec,52,2,Tuesday,Tue,27,361,False,2022-12,2022-Q4
20221228,2022-12-28,2022,4,12,December,Dec,52,3,Wednesday,Wed,28,362,False,2022-12,2022-Q4
20221229,2022-12-29,2022,4,12,December,Dec,52,4,Thursday,Thu,29,363,False,2022-12,2022-Q4
20221230,2022-12-30,2022,4,12,December,Dec,52,5,Friday,Fri,30,364,False,2022-12,2022-Q4
20221231,2022-12-31,2022,4,12,December,Dec,52,6,Saturday,Sat,31,365,True,2022-12,2022-Q4
20230101,2023-01-01,2023,1,1,January,Jan,52,7,Sunday,Sun,1,1,True,2023-01,2023-Q1
20230102,2023-01-02,2023,1,1,January,Jan,1,1,Monday,Mon,2,2,False,2023-01,2023-Q1
20230103,2023-01-03,2023,1,1,January,Jan,1,2,Tuesday,Tue,3,3,False,2023-01,2023-Q1
20230104,2023-01-04,2023,1,1,January,Jan,1,3,Wednesday,Wed,4,4,False,2023-01,2023-Q1
20230105,2023-01-05,2023,1,1,January,Jan,1,4,Thursday,Thu,5,5,False,2023-01,2023-Q1
20230106,2023-01-06,2023,1,1,January,Jan,1,5,Friday,Fri,6,6,False,2023-01,2023-Q1
20230107,2023-01-07,2023,1,1,January,Jan,1,6,Saturday,Sat,7,7,True,2023-01,2023-Q1
20230108,2023-01-08,2023,1,1,January,Jan,1,7,Sunday,Sun,8,8,True,2023-01,2023-Q1
20230109,2023-01-09,2023,1,1,January,Jan,2,1,Monday,Mon,9,9,False,2023-01,2023-Q1
20230110,2023-01-10,2023,1,1,January,Jan,2,2,Tuesday,Tue,10,10,False,2023-01,2023-Q1
20230111,2023-01-11,2023,1,1,January,Jan,2,3,Wednesday,Wed,11,11,False,2023-01,2023-Q1
20230112,2023-01-12,2023,1,1,January,Jan,2,4,Thursday,Thu,12,12,False,2023-01,2023-Q1
20230113,2023-01-13,2023,1,1,January,Jan,2,5,Friday,Fri,13,13,False,2023-01,2023-Q1
20230114,2023-01-14,2023,1,1,January,Jan,2,6,Saturday,Sat,14,14,True,2023-01,2023-Q1
20230115,2023-01-15,2023,1,1,January,Jan,2,7,Sunday,Sun,15,15,True,2023-01,2023-Q1
20230116,2023-01-16,2023,1,1,January,Jan,3,1,Monday,Mon,16,16,False,2023-01,2023-Q1
20230117,2023-01-17,2023,1,1,January,Jan,3,2,Tuesday,Tue,17,17,False,2023-01,2023-Q1
20230118,2023-01-18,2023,1,1,January,Jan,3,3,Wednesday,Wed,18,18,False,2023-01,2023-Q1
20230119,2023-01-19,2023,1,1,January,Jan,3,4,Thursday,Thu,19,19,False,2023-01,2023-Q1
20230120,2023-01-20,2023,1,1,January,Jan,3,5,Friday,Fri,20,20,False,2023-01,2023-Q1
20230121,2023-01-21,2023,1,1,January,Jan,3,6,Saturday,Sat,21,21,True,2023-01,2023-Q1
20230122,2023-01-22,2023,1,1,January,Jan,3,7,Sunday,Sun,22,22,True,2023-01,2023-Q1
20230123,2023-01-23,2023,1,1,January,Jan,4,1,Monday,Mon,23,23,False,2023-01,2023-Q1
20230124,2023-01-24,2023,1,1,January,Jan,4,2,Tuesday,Tue,24,24,False,2023-01,2023-Q1
20230125,2023-01-25,2023,1,1,January,Jan,4,3,Wednesday,Wed,25,25,False,2023-01,2023-Q1
20230126,2023-01-26,2023,1,1,January,Jan,4,4,Thursday,Thu,26,26,False,2023-01,2023-Q1
20230127,2023-01-27,2023,1,1,January,Jan,4,5,Friday,Fri,27,27,False,2023-01,2023-Q1
20230128,2023-01-28,2023,1,1,January,Jan,4,6,Saturday,Sat,28,28,True,2023-01,2023-Q1
20230129,2023-01-29,2023,1,1,January,Jan,4,7,Sunday,Sun,29,29,True,2023-01,2023-Q1
20230130,2023-01-30,2023,1,1,January,Jan,5,1,Monday,Mon,30,30,False,2023-01,2023-Q1
20230131,2023-01-31,2023,1,1,January,Jan,5,2,Tuesday,Tue,31,31,False,2023-01,2023-Q1
20230201,2023-02-01,2023,1,2,February,Feb,5,3,Wednesday,Wed,1,32,False,2023-02,2023-Q1
20230202,2023-02-02,2023,1,2,February,Feb,5,4,Thursday,Thu,2,33,False,2023-02,2023-Q1
20230203,2023-02-03,2023,1,2,February,Feb,5,5,Friday,Fri,3,34,False,2023-02,2023-Q1
20230204,2023-02-04,2023,1,2,February,Feb,5,6,Saturday,Sat,4,35,True,2023-02,2023-Q1
20230205,2023-02-05,2023,1,2,February,Feb,5,7,Sunday,Sun,5,36,True,2023-02,2023-Q1
20230206,2023-02-06,2023,1,2,February,Feb,6,1,Monday,Mon,6,37,False,2023-02,2023-Q1
20230207,2023-02-07,2023,1,2,February,Feb,6,2,Tuesday,Tue,7,38,False,2023-02,2023-Q1
20230208,2023-02-08,2023,1,2,February,Feb,6,3,Wednesday,Wed,8,39,False,2023-02,2023-Q1
20230209,2023-02-09,2023,1,2,February,Feb,6,4,Thursday,Thu,9,40,False,2023-02,2023-Q1
20230210,2023-02-10,2023,1,2,February,Feb,6,5,Friday,Fri,10,41,False,2023-02,2023-Q1
20230211,2023-02-11,2023,1,2,February,Feb,6,6,Saturday,Sat,11,42,True,2023-02,2023-Q1
20230212,2023-02-12,2023,1,2,February,Feb,6,7,Sunday,Sun,12,43,True,2023-02,2023-Q1
20230213,2023-02-13,2023,1,2,February,Feb,7,1,Monday,Mon,13,44,False,2023-02,2023-Q1
20230214,2023-02-14,2023,1,2,February,Feb,7,2,Tuesday,Tue,14,45,False,2023-02,2023-Q1
20230215,2023-02-15,2023,1,2,February,Feb,7,3,Wednesday,Wed,15,46,False,2023-02,2023-Q1
20230216,2023-02-16,2023,1,2,February,Feb,7,4,Thursday,Thu,16,47,False,2023-02,2023-Q1
20230217,2023-02-17,2023,1,2,February,Feb,7,5,Friday,Fri,17,48,False,2023-02,2023-Q1
20230218,2023-02-18,2023,1,2,February,Feb,7,6,Saturday,Sat,18,49,True,2023-02,2023-Q1
20230219,2023-02-19,2023,1,2,February,Feb,7,7,Sunday,Sun,19,50,True,2023-02,2023-Q1
20230220,2023-02-20,2023,1,2,February,Feb,8,1,Monday,Mon,20,51,False,2023-02,2023-Q1
20230221,2023-02-21,2023,1,2,February,Feb,8,2,Tuesday,Tue,21,52,False,2023-02,2023-Q1
20230222,2023-02-22,2023,1,2,February,Feb,8,3,Wednesday,Wed,22,53,False,2023-02,2023-Q1
20230223,2023-02-23,2023,1,2,February,Feb,8,4,Thursday,Thu,23,54,False,2023-02,2023-Q1
20230224,2023-02-24,2023,1,2,February,Feb,8,5,Friday,Fri,24,55,False,2023-02,2023-Q1
20230225,2023-02-25,2023,1,2,February,Feb,8,6,Saturday,Sat,25,56,True,2023-02,2023-Q1
20230226,2023-02-26,2023,1,2,February,Feb,8,7,Sunday,Sun,26,57,True,2023-02,2023-Q1
20230227,2023-02-27,2023,1,2,February,Feb,9,1,Monday,Mon,27,58,False,2023-02,2023-Q1
20230228,2023-02-28,2023,1,2,February,Feb,9,2,Tuesday,Tue,28,59,False,2023-02,2023-Q1
20230301,2023-03-01,2023,1,3,March,Mar,9,3,Wednesday,Wed,1,60,False,2023-03,2023-Q1
20230302,2023-03-02,2023,1,3,March,Mar,9,4,Thursday,Thu,2,61,False,2023-03,2023-Q1
20230303,2023-03-03,2023,1,3,March,Mar,9,5,Friday,Fri,3,62,False,2023-03,2023-Q1
20230304,2023-03-04,2023,1,3,March,Mar,9,6,Saturday,Sat,4,63,True,2023-03,2023-Q1
20230305,2023-03-05,2023,1,3,March,Mar,9,7,Sunday,Sun,5,64,True,2023-03,2023-Q1
20230306,2023-03-06,2023,1,3,March,Mar,10,1,Monday,Mon,6,65,False,2023-03,2023-Q1
20230307,2023-03-07,2023,1,3,March,Mar,10,2,Tuesday,Tue,7,66,False,2023-03,2023-Q1
20230308,2023-03-08,2023,1,3,March,Mar,10,3,Wednesday,Wed,8,67,False,2023-03,2023-Q1
20230309,2023-03-09,2023,1,3,March,Mar,10,4,Thursday,Thu,9,68,False,2023-03,2023-Q1
20230310,2023-03-10,2023,1,3,March,Mar,10,5,Friday,Fri,10,69,False,2023-03,2023-Q1
20230311,2023-03-11,2023,1,3,March,Mar,10,6,Saturday,Sat,11,70,True,2023-03,2023-Q1
20230312,2023-03-12,2023,1,3,March,Mar,10,7,Sunday,Sun,12,71,True,2023-03,2023-Q1
20230313,2023-03-13,2023,1,3,March,Mar,11,1,Monday,Mon,13,72,False,2023-03,2023-Q1
20230314,2023-03-14,2023,1,3,March,Mar,11,2,Tuesday,Tue,14,73,False,2023-03,2023-Q1
20230315,2023-03-15,2023,1,3,March,Mar,11,3,Wednesday,Wed,15,74,False,2023-03,2023-Q1
20230316,2023-03-16,2023,1,3,March,Mar,11,4,Thursday,Thu,16,75,False,2023-03,2023-Q1
20230317,2023-03-17,2023,1,3,March,Mar,11,5,Friday,Fri,17,76,False,2023-03,2023-Q1
20230318,2023-03-18,2023,1,3,March,Mar,11,6,Saturday,Sat,18,77,True,2023-03,2023-Q1
20230319,2023-03-19,2023,1,3,March,Mar,11,7,Sunday,Sun,19,78,True,2023-03,2023-Q1
20230320,2023-03-20,2023,1,3,March,Mar,12,1,Monday,Mon,20,79,False,2023-03,2023-Q1
20230321,2023-03-21,2023,1,3,March,Mar,12,2,Tuesday,Tue,21,80,False,2023-03,2023-Q1
20230322,2023-03-22,2023,1,3,March,Mar,12,3,Wednesday,Wed,22,81,False,2023-03,2023-Q1
20230323,2023-03-23,2023,1,3,March,Mar,12,4,Thursday,Thu,23,82,False,2023-03,2023-Q1
20230324,2023-03-24,2023,1,3,March,Mar,12,5,Friday,Fri,24,83,False,2023-03,2023-Q1
20230325,2023-03-25,2023,1,3,March,Mar,12,6,Saturday,Sat,25,84,True,2023-03,2023-Q1
20230326,2023-03-26,2023,1,3,March,Mar,12,7,Sunday,Sun,26,85,True,2023-03,2023-Q1
20230327,2023-03-27,2023,1,3,March,Mar,13,1,Monday,Mon,27,86,False,2023-03,2023-Q1
20230328,2023-03-28,2023,1,3,March,Mar,13,2,Tuesday,Tue,28,87,False,2023-03,2023-Q1
20230329,2023-03-29,2023,1,3,March,Mar,13,3,Wednesday,Wed,29,88,False,2023-03,2023-Q1
20230330,2023-03-30,2023,1,3,March,Mar,13,4,Thursday,Thu,30,89,False,2023-03,2023-Q1
20230331,2023-03-31,2023,1,3,March,Mar,13,5,Friday,Fri,31,90,False,2023-03,2023-Q1
20230401,2023-04-01,2023,2,4,April,Apr,13,6,Saturday,Sat,1,91,True,2023-04,2023-Q2
20230402,2023-04-02,2023,2,4,April,Apr,13,7,Sunday,Sun,2,92,True,2023-04,2023-Q2
20230403,2023-04-03,2023,2,4,April,Apr,14,1,Monday,Mon,3,93,False,2023-04,2023-Q2
20230404,2023-04-04,2023,2,4,April,Apr,14,2,Tuesday,Tue,4,94,False,2023-04,2023-Q2
20230405,2023-04-05,2023,2,4,April,Apr,14,3,Wednesday,Wed,5,95,False,2023-04,2023-Q2
20230406,2023-04-06,2023,2,4,April,Apr,14,4,Thursday,Thu,6,96,False,2023-04,2023-Q2
20230407,2023-04-07,2023,2,4,April,Apr,14,5,Friday,Fri,7,97,False,2023-04,2023-Q2
20230408,2023-04-08,2023,2,4,April,Apr,14,6,Saturday,Sat,8,98,True,2023-04,2023-Q2
20230409,2023-04-09,2023,2,4,April,Apr,14,7,Sunday,Sun,9,99,True,2023-04,2023-Q2
20230410,2023-04-10,2023,2,4,April,Apr,15,1,Monday,Mon,10,100,False,2023-04,2023-Q2
20230411,2023-04-11,2023,2,4,April,Apr,15,2,Tuesday,Tue,11,101,False,2023-04,2023-Q2
20230412,2023-04-12,2023,2,4,April,Apr,15,3,Wednesday,Wed,12,102,False,2023-04,2023-Q2
20230413,2023-04-13,2023,2,4,April,Apr,15,4,Thursday,Thu,13,103,False,2023-04,2023-Q2
20230414,2023-04-14,2023,2,4,April,Apr,15,5,Friday,Fri,14,104,False,2023-04,2023-Q2
20230415,2023-04-15,2023,2,4,April,Apr,15,6,Saturday,Sat,15,105,True,2023-04,2023-Q2
20230416,2023-04-16,2023,2,4,April,Apr,15,7,Sunday,Sun,16,106,True,2023-04,2023-Q2
20230417,2023-04-17,2023,2,4,April,Apr,16,1,Monday,Mon,17,107,False,2023-04,2023-Q2
20230418,2023-04-18,2023,2,4,April,Apr,16,2,Tuesday,Tue,18,108,False,2023-04,2023-Q2
20230419,2023-04-19,2023,2,4,April,Apr,16,3,Wednesday,Wed,19,109,False,2023-04,2023-Q2
20230420,2023-04-20,2023,2,4,April,Apr,16,4,Thursday,Thu,20,110,False,2023-04,2023-Q2
20230421,2023-04-21,2023,2,4,April,Apr,16,5,Friday,Fri,21,111,False,2023-04,2023-Q2
20230422,2023-04-22,2023,2,4,April,Apr,16,6,Saturday,Sat,22,112,True,2023-04,2023-Q2
20230423,2023-04-23,2023,2,4,April,Apr,16,7,Sunday,Sun,23,113,True,2023-04,2023-Q2
20230424,2023-04-24,2023,2,4,April,Apr,17,1,Monday,Mon,24,114,False,2023-04,2023-Q2
20230425,2023-04-25,2023,2,4,April,Apr,17,2,Tuesday,Tue,25,115,False,2023-04,2023-Q2
20230426,2023-04-26,2023,2,4,April,Apr,17,3,Wednesday,Wed,26,116,False,2023-04,2023-Q2
20230427,2023-04-27,2023,2,4,April,Apr,17,4,Thursday,Thu,27,117,False,2023-04,2023-Q2
20230428,2023-04-28,2023,2,4,April,Apr,17,5,Friday,Fri,28,118,False,2023-04,2023-Q2
20230429,2023-04-29,2023,2,4,April,Apr,17,6,Saturday,Sat,29,119,True,2023-04,2023-Q2
20230430,2023-04-30,2023,2,4,April,Apr,17,7,Sunday,Sun,30,120,True,2023-04,2023-Q2
20230501,2023-05-01,2023,2,5,May,May,18,1,Monday,Mon,1,121,False,2023-05,2023-Q2
20230502,2023-05-02,2023,2,5,May,May,18,2,Tuesday,Tue,2,122,False,2023-05,2023-Q2
20230503,2023-05-03,2023,2,5,May,May,18,3,Wednesday,Wed,3,123,False,2023-05,2023-Q2
20230504,2023-05-04,2023,2,5,May,May,18,4,Thursday,Thu,4,124,False,2023-05,2023-Q2
20230505,2023-05-05,2023,2,5,May,May,18,5,Friday,Fri,5,125,False,2023-05,2023-Q2
20230506,2023-05-06,2023,2,5,May,May,18,6,Saturday,Sat,6,126,True,2023-05,2023-Q2
20230507,2023-05-07,2023,2,5,May,May,18,7,Sunday,Sun,7,127,True,2023-05,2023-Q2
20230508,2023-05-08,2023,2,5,May,May,19,1,Monday,Mon,8,128,False,2023-05,2023-Q2
20230509,2023-05-09,2023,2,5,May,May,19,2,Tuesday,Tue,9,129,False,2023-05,2023-Q2
20230510,2023-05-10,2023,2,5,May,May,19,3,Wednesday,Wed,10,130,False,2023-05,2023-Q2
20230511,2023-05-11,2023,2,5,May,May,19,4,Thursday,Thu,11,131,False,2023-05,2023-Q2
20230512,2023-05-12,2023,2,5,May,May,19,5,Friday,Fri,12,132,False,2023-05,2023-Q2
20230513,2023-05-13,2023,2,5,May,May,19,6,Saturday,Sat,13,133,True,2023-05,2023-Q2
20230514,2023-05-14,2023,2,5,May,May,19,7,Sunday,Sun,14,134,True,2023-05,2023-Q2
20230515,2023-05-15,2023,2,5,May,May,20,1,Monday,Mon,15,135,False,2023-05,2023-Q2
20230516,2023-05-16,2023,2,5,May,May,20,2,Tuesday,Tue,16,136,False,2023-05,2023-Q2
20230517,2023-05-17,2023,2,5,May,May,20,3,Wednesday,Wed,17,137,False,2023-05,2023-Q2
20230518,2023-05-18,2023,2,5,May,May,20,4,Thursday,Thu,18,138,False,2023-05,2023-Q2
20230519,2023-05-19,2023,2,5,May,May,20,5,Friday,Fri,19,139,False,2023-05,2023-Q2
20230520,2023-05-20,2023,2,5,May,May,20,6,Saturday,Sat,20,140,True,2023-05,2023-Q2
20230521,2023-05-21,2023,2,5,May,May,20,7,Sunday,Sun,21,141,True,2023-05,2023-Q2
20230522,2023-05-22,2023,2,5,May,May,21,1,Monday,Mon,22,142,False,2023-05,2023-Q2
20230523,2023-05-23,2023,2,5,May,May,21,2,Tuesday,Tue,23,143,False,2023-05,2023-Q2
20230524,2023-05-24,2023,2,5,May,May,21,3,Wednesday,Wed,24,144,False,2023-05,2023-Q2
20230525,2023-05-25,2023,2,5,May,May,21,4,Thursday,Thu,25,145,False,2023-05,2023-Q2
20230526,2023-05-26,2023,2,5,May,May,21,5,Friday,Fri,26,146,False,2023-05,2023-Q2
20230527,2023-05-27,2023,2,5,May,May,21,6,Saturday,Sat,27,147,True,2023-05,2023-Q2
20230528,2023-05-28,2023,2,5,May,May,21,7,Sunday,Sun,28,148,True,2023-05,2023-Q2
20230529,2023-05-29,2023,2,5,May,May,22,1,Monday,Mon,29,149,False,2023-05,2023-Q2
20230530,2023-05-30,2023,2,5,May,May,22,2,Tuesday,Tue,30,150,False,2023-05,2023-Q2
20230531,2023-05-31,2023,2,5,May,May,22,3,Wednesday,Wed,31,151,False,2023-05,2023-Q2
20230601,2023-06-01,2023,2,6,June,Jun,22,4,Thursday,Thu,1,152,False,2023-06,2023-Q2
20230602,2023-06-02,2023,2,6,June,Jun,22,5,Friday,Fri,2,153,False,2023-06,2023-Q2
20230603,2023-06-03,2023,2,6,June,Jun,22,6,Saturday,Sat,3,154,True,2023-06,2023-Q2
20230604,2023-06-04,2023,2,6,June,Jun,22,7,Sunday,Sun,4,155,True,2023-06,2023-Q2
20230605,2023-06-05,2023,2,6,June,Jun,23,1,Monday,Mon,5,156,False,2023-06,2023-Q2
20230606,2023-06-06,2023,2,6,June,Jun,23,2,Tuesday,Tue,6,157,False,2023-06,2023-Q2
20230607,2023-06-07,2023,2,6,June,Jun,23,3,Wednesday,Wed,7,158,False,2023-06,2023-Q2
20230608,2023-06-08,2023,2,6,June,Jun,23,4,Thursday,Thu,8,159,False,2023-06,2023-Q2
20230609,2023-06-09,2023,2,6,June,Jun,23,5,Friday,Fri,9,160,False,2023-06,2023-Q2
20230610,2023-06-10,2023,2,6,June,Jun,23,6,Saturday,Sat,10,161,True,2023-06,2023-Q2
20230611,2023-06-11,2023,2,6,June,Jun,23,7,Sunday,Sun,11,162,True,2023-06,2023-Q2
20230612,2023-06-12,2023,2,6,June,Jun,24,1,Monday,Mon,12,163,False,2023-06,2023-Q2
20230613,2023-06-13,2023,2,6,June,Jun,24,2,Tuesday,Tue,13,164,False,2023-06,2023-Q2
20230614,2023-06-14,2023,2,6,June,Jun,24,3,Wednesday,Wed,14,165,False,2023-06,2023-Q2
20230615,2023-06-15,2023,2,6,June,Jun,24,4,Thursday,Thu,15,166,False,2023-06,2023-Q2
20230616,2023-06-16,2023,2,6,June,Jun,24,5,Friday,Fri,16,167,False,2023-06,2023-Q2
20230617,2023-06-17,2023,2,6,June,Jun,24,6,Saturday,Sat,17,168,True,2023-06,2023-Q2
20230618,2023-06-18,2023,2,6,June,Jun,24,7,Sunday,Sun,18,169,True,2023-06,2023-Q2
20230619,2023-06-19,2023,2,6,June,Jun,25,1,Monday,Mon,19,170,False,2023-06,2023-Q2
20230620,2023-06-20,2023,2,6,June,Jun,25,2,Tuesday,Tue,20,171,False,2023-06,2023-Q2
20230621,2023-06-21,2023,2,6,June,Jun,25,3,Wednesday,Wed,21,172,False,2023-06,2023-Q2
20230622,2023-06-22,2023,2,6,June,Jun,25,4,Thursday,Thu,22,173,False,2023-06,2023-Q2
20230623,2023-06-23,2023,2,6,June,Jun,25,5,Friday,Fri,23,174,False,2023-06,2023-Q2
20230624,2023-06-24,2023,2,6,June,Jun,25,6,Saturday,Sat,24,175,True,2023-06,2023-Q2
20230625,2023-06-25,2023,2,6,June,Jun,25,7,Sunday,Sun,25,176,True,2023-06,2023-Q2
20230626,2023-06-26,2023,2,6,June,Jun,26,1,Monday,Mon,26,177,False,2023-06,2023-Q2
20230627,2023-06-27,2023,2,6,June,Jun,26,2,Tuesday,Tue,27,178,False,2023-06,2023-Q2
20230628,2023-06-28,2023,2,6,June,Jun,26,3,Wednesday,Wed,28,179,False,2023-06,2023-Q2
20230629,2023-06-29,2023,2,6,June,Jun,26,4,Thursday,Thu,29,180,False,2023-06,2023-Q2
20230630,2023-06-30,2023,2,6,June,Jun,26,5,Friday,Fri,30,181,False,2023-06,2023-Q2
20230701,2023-07-01,2023,3,7,July,Jul,26,6,Saturday,Sat,1,182,True,2023-07,2023-Q3
20230702,2023-07-02,2023,3,7,July,Jul,26,7,Sunday,Sun,2,183,True,2023-07,2023-Q3
20230703,2023-07-03,2023,3,7,July,Jul,27,1,Monday,Mon,3,184,False,2023-07,2023-Q3
20230704,2023-07-04,2023,3,7,July,Jul,27,2,Tuesday,Tue,4,185,False,2023-07,2023-Q3
20230705,2023-07-05,2023,3,7,July,Jul,27,3,Wednesday,Wed,5,186,False,2023-07,2023-Q3
20230706,2023-07-06,2023,3,7,July,Jul,27,4,Thursday,Thu,6,187,False,2023-07,2023-Q3
20230707,2023-07-07,2023,3,7,July,Jul,27,5,Friday,Fri,7,188,False,2023-07,2023-Q3
20230708,2023-07-08,2023,3,7,July,Jul,27,6,Saturday,Sat,8,189,True,2023-07,2023-Q3
20230709,2023-07-09,2023,3,7,July,Jul,27,7,Sunday,Sun,9,190,True,2023-07,2023-Q3
20230710,2023-07-10,2023,3,7,July,Jul,28,1,Monday,Mon,10,191,False,2023-07,2023-Q3
20230711,2023-07-11,2023,3,7,July,Jul,28,2,Tuesday,Tue,11,192,False,2023-07,2023-Q3
20230712,2023-07-12,2023,3,7,July,Jul,28,3,Wednesday,Wed,12,193,False,2023-07,2023-Q3
20230713,2023-07-13,2023,3,7,July,Jul,28,4,Thursday,Thu,13,194,False,2023-07,2023-Q3
20230714,2023-07-14,2023,3,7,July,Jul,28,5,Friday,Fri,14,195,False,2023-07,2023-Q3
20230715,2023-07-15,2023,3,7,July,Jul,28,6,Saturday,Sat,15,196,True,2023-07,2023-Q3
20230716,2023-07-16,2023,3,7,July,Jul,28,7,Sunday,Sun,16,197,True,2023-07,2023-Q3
20230717,2023-07-17,2023,3,7,July,Jul,29,1,Monday,Mon,17,198,False,2023-07,2023-Q3
20230718,2023-07-18,2023,3,7,July,Jul,29,2,Tuesday,Tue,18,199,False,2023-07,2023-Q3
20230719,2023-07-19,2023,3,7,July,Jul,29,3,Wednesday,Wed,19,200,False,2023-07,2023-Q3
20230720,2023-07-20,2023,3,7,July,Jul,29,4,Thursday,Thu,20,201,False,2023-07,2023-Q3
20230721,2023-07-21,2023,3,7,July,Jul,29,5,Friday,Fri,21,202,False,2023-07,2023-Q3
20230722,2023-07-22,2023,3,7,July,Jul,29,6,Saturday,Sat,22,203,True,2023-07,2023-Q3
20230723,2023-07-23,2023,3,7,July,Jul,29,7,Sunday,Sun,23,204,True,2023-07,2023-Q3
20230724,2023-07-24,2023,3,7,July,Jul,30,1,Monday,Mon,24,205,False,2023-07,2023-Q3
20230725,2023-07-25,2023,3,7,July,Jul,30,2,Tuesday,Tue,25,206,False,2023-07,2023-Q3
20230726,2023-07-26,2023,3,7,July,Jul,30,3,Wednesday,Wed,26,207,False,2023-07,2023-Q3
20230727,2023-07-27,2023,3,7,July,Jul,30,4,Thursday,Thu,27,208,False,2023-07,2023-Q3
20230728,2023-07-28,2023,3,7,July,Jul,30,5,Friday,Fri,28,209,False,2023-07,2023-Q3
20230729,2023-07-29,2023,3,7,July,Jul,30,6,Saturday,Sat,29,210,True,2023-07,2023-Q3
20230730,2023-07-30,2023,3,7,July,Jul,30,7,Sunday,Sun,30,211,True,2023-07,2023-Q3
20230731,2023-07-31,2023,3,7,July,Jul,31,1,Monday,Mon,31,212,False,2023-07,2023-Q3
20230801,2023-08-01,2023,3,8,August,Aug,31,2,Tuesday,Tue,1,213,False,2023-08,2023-Q3
20230802,2023-08-02,2023,3,8,August,Aug,31,3,Wednesday,Wed,2,214,False,2023-08,2023-Q3
20230803,2023-08-03,2023,3,8,August,Aug,31,4,Thursday,Thu,3,215,False,2023-08,2023-Q3
20230804,2023-08-04,2023,3,8,August,Aug,31,5,Friday,Fri,4,216,False,2023-08,2023-Q3
20230805,2023-08-05,2023,3,8,August,Aug,31,6,Saturday,Sat,5,217,True,2023-08,2023-Q3
20230806,2023-08-06,2023,3,8,August,Aug,31,7,Sunday,Sun,6,218,True,2023-08,2023-Q3
20230807,2023-08-07,2023,3,8,August,Aug,32,1,Monday,Mon,7,219,False,2023-08,2023-Q3
20230808,2023-08-08,2023,3,8,August,Aug,32,2,Tuesday,Tue,8,220,False,2023-08,2023-Q3
20230809,2023-08-09,2023,3,8,August,Aug,32,3,Wednesday,Wed,9,221,False,2023-08,2023-Q3
20230810,2023-08-10,2023,3,8,August,Aug,32,4,Thursday,Thu,10,222,False,2023-08,2023-Q3
20230811,2023-08-11,2023,3,8,August,Aug,32,5,Friday,Fri,11,223,False,2023-08,2023-Q3
20230812,2023-08-12,2023,3,8,August,Aug,32,6,Saturday,Sat,12,224,True,2023-08,2023-Q3
20230813,2023-08-13,2023,3,8,August,Aug,32,7,Sunday,Sun,13,225,True,2023-08,2023-Q3
20230814,2023-08-14,2023,3,8,August,Aug,33,1,Monday,Mon,14,226,False,2023-08,2023-Q3
20230815,2023-08-15,2023,3,8,August,Aug,33,2,Tuesday,Tue,15,227,False,2023-08,2023-Q3
20230816,2023-08-16,2023,3,8,August,Aug,33,3,Wednesday,Wed,16,228,False,2023-08,2023-Q3
20230817,2023-08-17,2023,3,8,August,Aug,33,4,Thursday,Thu,17,229,False,2023-08,2023-Q3
20230818,2023-08-18,2023,3,8,August,Aug,33,5,Friday,Fri,18,230,False,2023-08,2023-Q3
20230819,2023-08-19,2023,3,8,August,Aug,33,6,Saturday,Sat,19,231,True,2023-08,2023-Q3
20230820,2023-08-20,2023,3,8,August,Aug,33,7,Sunday,Sun,20,232,True,2023-08,2023-Q3
20230821,2023-08-21,2023,3,8,August,Aug,34,1,Monday,Mon,21,233,False,2023-08,2023-Q3
20230822,2023-08-22,2023,3,8,August,Aug,34,2,Tuesday,Tue,22,234,False,2023-08,2023-Q3
20230823,2023-08-23,2023,3,8,August,Aug,34,3,Wednesday,Wed,23,235,False,2023-08,2023-Q3
20230824,2023-08-24,2023,3,8,August,Aug,34,4,Thursday,Thu,24,236,False,2023-08,2023-Q3
20230825,2023-08-25,2023,3,8,August,Aug,34,5,Friday,Fri,25,237,False,2023-08,2023-Q3
20230826,2023-08-26,2023,3,8,August,Aug,34,6,Saturday,Sat,26,238,True,2023-08,2023-Q3
20230827,2023-08-27,2023,3,8,August,Aug,34,7,Sunday,Sun,27,239,True,2023-08,2023-Q3
20230828,2023-08-28,2023,3,8,August,Aug,35,1,Monday,Mon,28,240,False,2023-08,2023-Q3
20230829,2023-08-29,2023,3,8,August,Aug,35,2,Tuesday,Tue,29,241,False,2023-08,2023-Q3
20230830,2023-08-30,2023,3,8,August,Aug,35,3,Wednesday,Wed,30,242,False,2023-08,2023-Q3
20230831,2023-08-31,2023,3,8,August,Aug,35,4,Thursday,Thu,31,243,False,2023-08,2023-Q3
20230901,2023-09-01,2023,3,9,September,Sep,35,5,Friday,Fri,1,244,False,2023-09,2023-Q3
20230902,2023-09-02,2023,3,9,September,Sep,35,6,Saturday,Sat,2,245,True,2023-09,2023-Q3
20230903,2023-09-03,2023,3,9,September,Sep,35,7,Sunday,Sun,3,246,True,2023-09,2023-Q3
20230904,2023-09-04,2023,3,9,September,Sep,36,1,Monday,Mon,4,247,False,2023-09,2023-Q3
20230905,2023-09-05,2023,3,9,September,Sep,36,2,Tuesday,Tue,5,248,False,2023-09,2023-Q3
20230906,2023-09-06,2023,3,9,September,Sep,36,3,Wednesday,Wed,6,249,False,2023-09,2023-Q3
20230907,2023-09-07,2023,3,9,September,Sep,36,4,Thursday,Thu,7,250,False,2023-09,2023-Q3
20230908,2023-09-08,2023,3,9,September,Sep,36,5,Friday,Fri,8,251,False,2023-09,2023-Q3
20230909,2023-09-09,2023,3,9,September,Sep,36,6,Saturday,Sat,9,252,True,2023-09,2023-Q3
20230910,2023-09-10,2023,3,9,September,Sep,36,7,Sunday,Sun,10,253,True,2023-09,2023-Q3
20230911,2023-09-11,2023,3,9,September,Sep,37,1,Monday,Mon,11,254,False,2023-09,2023-Q3
20230912,2023-09-12,2023,3,9,September,Sep,37,2,Tuesday,Tue,12,255,False,2023-09,2023-Q3
20230913,2023-09-13,2023,3,9,September,Sep,37,3,Wednesday,Wed,13,256,False,2023-09,2023-Q3
20230914,2023-09-14,2023,3,9,September,Sep,37,4,Thursday,Thu,14,257,False,2023-09,2023-Q3
20230915,2023-09-15,2023,3,9,September,Sep,37,5,Friday,Fri,15,258,False,2023-09,2023-Q3
20230916,2023-09-16,2023,3,9,September,Sep,37,6,Saturday,Sat,16,259,True,2023-09,2023-Q3
20230917,2023-09-17,2023,3,9,September,Sep,37,7,Sunday,Sun,17,260,True,2023-09,2023-Q3
20230918,2023-09-18,2023,3,9,September,Sep,38,1,Monday,Mon,18,261,False,2023-09,2023-Q3
20230919,2023-09-19,2023,3,9,September,Sep,38,2,Tuesday,Tue,19,262,False,2023-09,2023-Q3
20230920,2023-09-20,2023,3,9,September,Sep,38,3,Wednesday,Wed,20,263,False,2023-09,2023-Q3
20230921,2023-09-21,2023,3,9,September,Sep,38,4,Thursday,Thu,21,264,False,2023-09,2023-Q3
20230922,2023-09-22,2023,3,9,September,Sep,38,5,Friday,Fri,22,265,False,2023-09,2023-Q3
20230923,2023-09-23,2023,3,9,September,Sep,38,6,Saturday,Sat,23,266,True,2023-09,2023-Q3
20230924,2023-09-24,2023,3,9,September,Sep,38,7,Sunday,Sun,24,267,True,2023-09,2023-Q3
20230925,2023-09-25,2023,3,9,September,Sep,39,1,Monday,Mon,25,268,False,2023-09,2023-Q3
20230926,2023-09-26,2023,3,9,September,Sep,39,2,Tuesday,Tue,26,269,False,2023-09,2023-Q3
20230927,2023-09-27,2023,3,9,September,Sep,39,3,Wednesday,Wed,27,270,False,2023-09,2023-Q3
20230928,2023-09-28,2023,3,9,September,Sep,39,4,Thursday,Thu,28,271,False,2023-09,2023-Q3
20230929,2023-09-29,2023,3,9,September,Sep,39,5,Friday,Fri,29,272,False,2023-09,2023-Q3
20230930,2023-09-30,2023,3,9,September,Sep,39,6,Saturday,Sat,30,273,True,2023-09,2023-Q3
20231001,2023-10-01,2023,4,10,October,Oct,39,7,Sunday,Sun,1,274,True,2023-10,2023-Q4
20231002,2023-10-02,2023,4,10,October,Oct,40,1,Monday,Mon,2,275,False,2023-10,2023-Q4
20231003,2023-10-03,2023,4,10,October,Oct,40,2,Tuesday,Tue,3,276,False,2023-10,2023-Q4
20231004,2023-10-04,2023,4,10,October,Oct,40,3,Wednesday,Wed,4,277,False,2023-10,2023-Q4
20231005,2023-10-05,2023,4,10,October,Oct,40,4,Thursday,Thu,5,278,False,2023-10,2023-Q4
20231006,2023-10-06,2023,4,10,October,Oct,40,5,Friday,Fri,6,279,False,2023-10,2023-Q4
20231007,2023-10-07,2023,4,10,October,Oct,40,6,Saturday,Sat,7,280,True,2023-10,2023-Q4
20231008,2023-10-08,2023,4,10,October,Oct,40,7,Sunday,Sun,8,281,True,2023-10,2023-Q4
20231009,2023-10-09,2023,4,10,October,Oct,41,1,Monday,Mon,9,282,False,2023-10,2023-Q4
20231010,2023-10-10,2023,4,10,October,Oct,41,2,Tuesday,Tue,10,283,False,2023-10,2023-Q4
20231011,2023-10-11,2023,4,10,October,Oct,41,3,Wednesday,Wed,11,284,False,2023-10,2023-Q4
20231012,2023-10-12,2023,4,10,October,Oct,41,4,Thursday,Thu,12,285,False,2023-10,2023-Q4
20231013,2023-10-13,2023,4,10,October,Oct,41,5,Friday,Fri,13,286,False,2023-10,2023-Q4
20231014,2023-10-14,2023,4,10,October,Oct,41,6,Saturday,Sat,14,287,True,2023-10,2023-Q4
20231015,2023-10-15,2023,4,10,October,Oct,41,7,Sunday,Sun,15,288,True,2023-10,2023-Q4
20231016,2023-10-16,2023,4,10,October,Oct,42,1,Monday,Mon,16,289,False,2023-10,2023-Q4
20231017,2023-10-17,2023,4,10,October,Oct,42,2,Tuesday,Tue,17,290,False,2023-10,2023-Q4
20231018,2023-10-18,2023,4,10,October,Oct,42,3,Wednesday,Wed,18,291,False,2023-10,2023-Q4
20231019,2023-10-19,2023,4,10,October,Oct,42,4,Thursday,Thu,19,292,False,2023-10,2023-Q4
20231020,2023-10-20,2023,4,10,October,Oct,42,5,Friday,Fri,20,293,False,2023-10,2023-Q4
20231021,2023-10-21,2023,4,10,October,Oct,42,6,Saturday,Sat,21,294,True,2023-10,2023-Q4
20231022,2023-10-22,2023,4,10,October,Oct,42,7,Sunday,Sun,22,295,True,2023-10,2023-Q4
20231023,2023-10-23,2023,4,10,October,Oct,43,1,Monday,Mon,23,296,False,2023-10,2023-Q4
20231024,2023-10-24,2023,4,10,October,Oct,43,2,Tuesday,Tue,24,297,False,2023-10,2023-Q4
20231025,2023-10-25,2023,4,10,October,Oct,43,3,Wednesday,Wed,25,298,False,2023-10,2023-Q4
20231026,2023-10-26,2023,4,10,October,Oct,43,4,Thursday,Thu,26,299,False,2023-10,2023-Q4
20231027,2023-10-27,2023,4,10,October,Oct,43,5,Friday,Fri,27,300,False,2023-10,2023-Q4
20231028,2023-10-28,2023,4,10,October,Oct,43,6,Saturday,Sat,28,301,True,2023-10,2023-Q4
20231029,2023-10-29,2023,4,10,October,Oct,43,7,Sunday,Sun,29,302,True,2023-10,2023-Q4
20231030,2023-10-30,2023,4,10,October,Oct,44,1,Monday,Mon,30,303,False,2023-10,2023-Q4
20231031,2023-10-31,2023,4,10,October,Oct,44,2,Tuesday,Tue,31,304,False,2023-10,2023-Q4
20231101,2023-11-01,2023,4,11,November,Nov,44,3,Wednesday,Wed,1,305,False,2023-11,2023-Q4
20231102,2023-11-02,2023,4,11,November,Nov,44,4,Thursday,Thu,2,306,False,2023-11,2023-Q4
20231103,2023-11-03,2023,4,11,November,Nov,44,5,Friday,Fri,3,307,False,2023-11,2023-Q4
20231104,2023-11-04,2023,4,11,November,Nov,44,6,Saturday,Sat,4,308,True,2023-11,2023-Q4
20231105,2023-11-05,2023,4,11,November,Nov,44,7,Sunday,Sun,5,309,True,2023-11,2023-Q4
20231106,2023-11-06,2023,4,11,November,Nov,45,1,Monday,Mon,6,310,False,2023-11,2023-Q4
20231107,2023-11-07,2023,4,11,November,Nov,45,2,Tuesday,Tue,7,311,False,2023-11,2023-Q4
20231108,2023-11-08,2023,4,11,November,Nov,45,3,Wednesday,Wed,8,312,False,2023-11,2023-Q4
20231109,2023-11-09,2023,4,11,November,Nov,45,4,Thursday,Thu,9,313,False,2023-11,2023-Q4
20231110,2023-11-10,2023,4,11,November,Nov,45,5,Friday,Fri,10,314,False,2023-11,2023-Q4
20231111,2023-11-11,2023,4,11,November,Nov,45,6,Saturday,Sat,11,315,True,2023-11,2023-Q4
20231112,2023-11-12,2023,4,11,November,Nov,45,7,Sunday,Sun,12,316,True,2023-11,2023-Q4
20231113,2023-11-13,2023,4,11,November,Nov,46,1,Monday,Mon,13,317,False,2023-11,2023-Q4
20231114,2023-11-14,2023,4,11,November,Nov,46,2,Tuesday,Tue,14,318,False,2023-11,2023-Q4
20231115,2023-11-15,2023,4,11,November,Nov,46,3,Wednesday,Wed,15,319,False,2023-11,2023-Q4
20231116,2023-11-16,2023,4,11,November,Nov,46,4,Thursday,Thu,16,320,False,2023-11,2023-Q4
20231117,2023-11-17,2023,4,11,November,Nov,46,5,Friday,Fri,17,321,False,2023-11,2023-Q4
20231118,2023-11-18,2023,4,11,November,Nov,46,6,Saturday,Sat,18,322,True,2023-11,2023-Q4
20231119,2023-11-19,2023,4,11,November,Nov,46,7,Sunday,Sun,19,323,True,2023-11,2023-Q4
20231120,2023-11-20,2023,4,11,November,Nov,47,1,Monday,Mon,20,324,False,2023-11,2023-Q4
20231121,2023-11-21,2023,4,11,November,Nov,47,2,Tuesday,Tue,21,325,False,2023-11,2023-Q4
20231122,2023-11-22,2023,4,11,November,Nov,47,3,Wednesday,Wed,22,326,False,2023-11,2023-Q4
20231123,2023-11-23,2023,4,11,November,Nov,47,4,Thursday,Thu,23,327,False,2023-11,2023-Q4
20231124,2023-11-24,2023,4,11,November,Nov,47,5,Friday,Fri,24,328,False,2023-11,2023-Q4
20231125,2023-11-25,2023,4,11,November,Nov,47,6,Saturday,Sat,25,329,True,2023-11,2023-Q4
20231126,2023-11-26,2023,4,11,November,Nov,47,7,Sunday,Sun,26,330,True,2023-11,2023-Q4
20231127,2023-11-27,2023,4,11,November,Nov,48,1,Monday,Mon,27,331,False,2023-11,2023-Q4
20231128,2023-11-28,2023,4,11,November,Nov,48,2,Tuesday,Tue,28,332,False,2023-11,2023-Q4
20231129,2023-11-29,2023,4,11,November,Nov,48,3,Wednesday,Wed,29,333,False,2023-11,2023-Q4
20231130,2023-11-30,2023,4,11,November,Nov,48,4,Thursday,Thu,30,334,False,2023-11,2023-Q4
20231201,2023-12-01,2023,4,12,December,Dec,48,5,Friday,Fri,1,335,False,2023-12,2023-Q4
20231202,2023-12-02,2023,4,12,December,Dec,48,6,Saturday,Sat,2,336,True,2023-12,2023-Q4
20231203,2023-12-03,2023,4,12,December,Dec,48,7,Sunday,Sun,3,337,True,2023-12,2023-Q4
20231204,2023-12-04,2023,4,12,December,Dec,49,1,Monday,Mon,4,338,False,2023-12,2023-Q4
20231205,2023-12-05,2023,4,12,December,Dec,49,2,Tuesday,Tue,5,339,False,2023-12,2023-Q4
20231206,2023-12-06,2023,4,12,December,Dec,49,3,Wednesday,Wed,6,340,False,2023-12,2023-Q4
20231207,2023-12-07,2023,4,12,December,Dec,49,4,Thursday,Thu,7,341,False,2023-12,2023-Q4
20231208,2023-12-08,2023,4,12,December,Dec,49,5,Friday,Fri,8,342,False,2023-12,2023-Q4
20231209,2023-12-09,2023,4,12,December,Dec,49,6,Saturday,Sat,9,343,True,2023-12,2023-Q4
20231210,2023-12-10,2023,4,12,December,Dec,49,7,Sunday,Sun,10,344,True,2023-12,2023-Q4
20231211,2023-12-11,2023,4,12,December,Dec,50,1,Monday,Mon,11,345,False,2023-12,2023-Q4
20231212,2023-12-12,2023,4,12,December,Dec,50,2,Tuesday,Tue,12,346,False,2023-12,2023-Q4
20231213,2023-12-13,2023,4,12,December,Dec,50,3,Wednesday,Wed,13,347,False,2023-12,2023-Q4
20231214,2023-12-14,2023,4,12,December,Dec,50,4,Thursday,Thu,14,348,False,2023-12,2023-Q4
20231215,2023-12-15,2023,4,12,December,Dec,50,5,Friday,Fri,15,349,False,2023-12,2023-Q4
20231216,2023-12-16,2023,4,12,December,Dec,50,6,Saturday,Sat,16,350,True,2023-12,2023-Q4
20231217,2023-12-17,2023,4,12,December,Dec,50,7,Sunday,Sun,17,351,True,2023-12,2023-Q4
20231218,2023-12-18,2023,4,12,December,Dec,51,1,Monday,Mon,18,352,False,2023-12,2023-Q4
20231219,2023-12-19,2023,4,12,December,Dec,51,2,Tuesday,Tue,19,353,False,2023-12,2023-Q4
20231220,2023-12-20,2023,4,12,December,Dec,51,3,Wednesday,Wed,20,354,False,2023-12,2023-Q4
20231221,2023-12-21,2023,4,12,December,Dec,51,4,Thursday,Thu,21,355,False,2023-12,2023-Q4
20231222,2023-12-22,2023,4,12,December,Dec,51,5,Friday,Fri,22,356,False,2023-12,2023-Q4
20231223,2023-12-23,2023,4,12,December,Dec,51,6,Saturday,Sat,23,357,True,2023-12,2023-Q4
20231224,2023-12-24,2023,4,12,December,Dec,51,7,Sunday,Sun,24,358,True,2023-12,2023-Q4
20231225,2023-12-25,2023,4,12,December,Dec,52,1,Monday,Mon,25,359,False,2023-12,2023-Q4
20231226,2023-12-26,2023,4,12,December,Dec,52,2,Tuesday,Tue,26,360,False,2023-12,2023-Q4
20231227,2023-12-27,2023,4,12,December,Dec,52,3,Wednesday,Wed,27,361,False,2023-12,2023-Q4
20231228,2023-12-28,2023,4,12,December,Dec,52,4,Thursday,Thu,28,362,False,2023-12,2023-Q4
20231229,2023-12-29,2023,4,12,December,Dec,52,5,Friday,Fri,29,363,False,2023-12,2023-Q4
20231230,2023-12-30,2023,4,12,December,Dec,52,6,Saturday,Sat,30,364,True,2023-12,2023-Q4
20231231,2023-12-31,2023,4,12,December,Dec,52,7,Sunday,Sun,31,365,True,2023-12,2023-Q4
20240101,2024-01-01,2024,1,1,January,Jan,1,1,Monday,Mon,1,1,False,2024-01,2024-Q1
20240102,2024-01-02,2024,1,1,January,Jan,1,2,Tuesday,Tue,2,2,False,2024-01,2024-Q1
20240103,2024-01-03,2024,1,1,January,Jan,1,3,Wednesday,Wed,3,3,False,2024-01,2024-Q1
20240104,2024-01-04,2024,1,1,January,Jan,1,4,Thursday,Thu,4,4,False,2024-01,2024-Q1
20240105,2024-01-05,2024,1,1,January,Jan,1,5,Friday,Fri,5,5,False,2024-01,2024-Q1
20240106,2024-01-06,2024,1,1,January,Jan,1,6,Saturday,Sat,6,6,True,2024-01,2024-Q1
20240107,2024-01-07,2024,1,1,January,Jan,1,7,Sunday,Sun,7,7,True,2024-01,2024-Q1
20240108,2024-01-08,2024,1,1,January,Jan,2,1,Monday,Mon,8,8,False,2024-01,2024-Q1
20240109,2024-01-09,2024,1,1,January,Jan,2,2,Tuesday,Tue,9,9,False,2024-01,2024-Q1
20240110,2024-01-10,2024,1,1,January,Jan,2,3,Wednesday,Wed,10,10,False,2024-01,2024-Q1
20240111,2024-01-11,2024,1,1,January,Jan,2,4,Thursday,Thu,11,11,False,2024-01,2024-Q1
20240112,2024-01-12,2024,1,1,January,Jan,2,5,Friday,Fri,12,12,False,2024-01,2024-Q1
20240113,2024-01-13,2024,1,1,January,Jan,2,6,Saturday,Sat,13,13,True,2024-01,2024-Q1
20240114,2024-01-14,2024,1,1,January,Jan,2,7,Sunday,Sun,14,14,True,2024-01,2024-Q1
20240115,2024-01-15,2024,1,1,January,Jan,3,1,Monday,Mon,15,15,False,2024-01,2024-Q1
20240116,2024-01-16,2024,1,1,January,Jan,3,2,Tuesday,Tue,16,16,False,2024-01,2024-Q1
20240117,2024-01-17,2024,1,1,January,Jan,3,3,Wednesday,Wed,17,17,False,2024-01,2024-Q1
20240118,2024-01-18,2024,1,1,January,Jan,3,4,Thursday,Thu,18,18,False,2024-01,2024-Q1
20240119,2024-01-19,2024,1,1,January,Jan,3,5,Friday,Fri,19,19,False,2024-01,2024-Q1
20240120,2024-01-20,2024,1,1,January,Jan,3,6,Saturday,Sat,20,20,True,2024-01,2024-Q1
20240121,2024-01-21,2024,1,1,January,Jan,3,7,Sunday,Sun,21,21,True,2024-01,2024-Q1
20240122,2024-01-22,2024,1,1,January,Jan,4,1,Monday,Mon,22,22,False,2024-01,2024-Q1
20240123,2024-01-23,2024,1,1,January,Jan,4,2,Tuesday,Tue,23,23,False,2024-01,2024-Q1
20240124,2024-01-24,2024,1,1,January,Jan,4,3,Wednesday,Wed,24,24,False,2024-01,2024-Q1
20240125,2024-01-25,2024,1,1,January,Jan,4,4,Thursday,Thu,25,25,False,2024-01,2024-Q1
20240126,2024-01-26,2024,1,1,January,Jan,4,5,Friday,Fri,26,26,False,2024-01,2024-Q1
20240127,2024-01-27,2024,1,1,January,Jan,4,6,Saturday,Sat,27,27,True,2024-01,2024-Q1
20240128,2024-01-28,2024,1,1,January,Jan,4,7,Sunday,Sun,28,28,True,2024-01,2024-Q1
20240129,2024-01-29,2024,1,1,January,Jan,5,1,Monday,Mon,29,29,False,2024-01,2024-Q1
20240130,2024-01-30,2024,1,1,January,Jan,5,2,Tuesday,Tue,30,30,False,2024-01,2024-Q1
20240131,2024-01-31,2024,1,1,January,Jan,5,3,Wednesday,Wed,31,31,False,2024-01,2024-Q1
20240201,2024-02-01,2024,1,2,February,Feb,5,4,Thursday,Thu,1,32,False,2024-02,2024-Q1
20240202,2024-02-02,2024,1,2,February,Feb,5,5,Friday,Fri,2,33,False,2024-02,2024-Q1
20240203,2024-02-03,2024,1,2,February,Feb,5,6,Saturday,Sat,3,34,True,2024-02,2024-Q1
20240204,2024-02-04,2024,1,2,February,Feb,5,7,Sunday,Sun,4,35,True,2024-02,2024-Q1
20240205,2024-02-05,2024,1,2,February,Feb,6,1,Monday,Mon,5,36,False,2024-02,2024-Q1
20240206,2024-02-06,2024,1,2,February,Feb,6,2,Tuesday,Tue,6,37,False,2024-02,2024-Q1
20240207,2024-02-07,2024,1,2,February,Feb,6,3,Wednesday,Wed,7,38,False,2024-02,2024-Q1
20240208,2024-02-08,2024,1,2,February,Feb,6,4,Thursday,Thu,8,39,False,2024-02,2024-Q1
20240209,2024-02-09,2024,1,2,February,Feb,6,5,Friday,Fri,9,40,False,2024-02,2024-Q1
20240210,2024-02-10,2024,1,2,February,Feb,6,6,Saturday,Sat,10,41,True,2024-02,2024-Q1
20240211,2024-02-11,2024,1,2,February,Feb,6,7,Sunday,Sun,11,42,True,2024-02,2024-Q1
20240212,2024-02-12,2024,1,2,February,Feb,7,1,Monday,Mon,12,43,False,2024-02,2024-Q1
20240213,2024-02-13,2024,1,2,February,Feb,7,2,Tuesday,Tue,13,44,False,2024-02,2024-Q1
20240214,2024-02-14,2024,1,2,February,Feb,7,3,Wednesday,Wed,14,45,False,2024-02,2024-Q1
20240215,2024-02-15,2024,1,2,February,Feb,7,4,Thursday,Thu,15,46,False,2024-02,2024-Q1
20240216,2024-02-16,2024,1,2,February,Feb,7,5,Friday,Fri,16,47,False,2024-02,2024-Q1
20240217,2024-02-17,2024,1,2,February,Feb,7,6,Saturday,Sat,17,48,True,2024-02,2024-Q1
20240218,2024-02-18,2024,1,2,February,Feb,7,7,Sunday,Sun,18,49,True,2024-02,2024-Q1
20240219,2024-02-19,2024,1,2,February,Feb,8,1,Monday,Mon,19,50,False,2024-02,2024-Q1
20240220,2024-02-20,2024,1,2,February,Feb,8,2,Tuesday,Tue,20,51,False,2024-02,2024-Q1
20240221,2024-02-21,2024,1,2,February,Feb,8,3,Wednesday,Wed,21,52,False,2024-02,2024-Q1
20240222,2024-02-22,2024,1,2,February,Feb,8,4,Thursday,Thu,22,53,False,2024-02,2024-Q1
20240223,2024-02-23,2024,1,2,February,Feb,8,5,Friday,Fri,23,54,False,2024-02,2024-Q1
20240224,2024-02-24,2024,1,2,February,Feb,8,6,Saturday,Sat,24,55,True,2024-02,2024-Q1
20240225,2024-02-25,2024,1,2,February,Feb,8,7,Sunday,Sun,25,56,True,2024-02,2024-Q1
20240226,2024-02-26,2024,1,2,February,Feb,9,1,Monday,Mon,26,57,False,2024-02,2024-Q1
20240227,2024-02-27,2024,1,2,February,Feb,9,2,Tuesday,Tue,27,58,False,2024-02,2024-Q1
20240228,2024-02-28,2024,1,2,February,Feb,9,3,Wednesday,Wed,28,59,False,2024-02,2024-Q1
20240229,2024-02-29,2024,1,2,February,Feb,9,4,Thursday,Thu,29,60,False,2024-02,2024-Q1
20240301,2024-03-01,2024,1,3,March,Mar,9,5,Friday,Fri,1,61,False,2024-03,2024-Q1
20240302,2024-03-02,2024,1,3,March,Mar,9,6,Saturday,Sat,2,62,True,2024-03,2024-Q1
20240303,2024-03-03,2024,1,3,March,Mar,9,7,Sunday,Sun,3,63,True,2024-03,2024-Q1
20240304,2024-03-04,2024,1,3,March,Mar,10,1,Monday,Mon,4,64,False,2024-03,2024-Q1
20240305,2024-03-05,2024,1,3,March,Mar,10,2,Tuesday,Tue,5,65,False,2024-03,2024-Q1
20240306,2024-03-06,2024,1,3,March,Mar,10,3,Wednesday,Wed,6,66,False,2024-03,2024-Q1
20240307,2024-03-07,2024,1,3,March,Mar,10,4,Thursday,Thu,7,67,False,2024-03,2024-Q1
20240308,2024-03-08,2024,1,3,March,Mar,10,5,Friday,Fri,8,68,False,2024-03,2024-Q1
20240309,2024-03-09,2024,1,3,March,Mar,10,6,Saturday,Sat,9,69,True,2024-03,2024-Q1
20240310,2024-03-10,2024,1,3,March,Mar,10,7,Sunday,Sun,10,70,True,2024-03,2024-Q1
20240311,2024-03-11,2024,1,3,March,Mar,11,1,Monday,Mon,11,71,False,2024-03,2024-Q1
20240312,2024-03-12,2024,1,3,March,Mar,11,2,Tuesday,Tue,12,72,False,2024-03,2024-Q1
20240313,2024-03-13,2024,1,3,March,Mar,11,3,Wednesday,Wed,13,73,False,2024-03,2024-Q1
20240314,2024-03-14,2024,1,3,March,Mar,11,4,Thursday,Thu,14,74,False,2024-03,2024-Q1
20240315,2024-03-15,2024,1,3,March,Mar,11,5,Friday,Fri,15,75,False,2024-03,2024-Q1
20240316,2024-03-16,2024,1,3,March,Mar,11,6,Saturday,Sat,16,76,True,2024-03,2024-Q1
20240317,2024-03-17,2024,1,3,March,Mar,11,7,Sunday,Sun,17,77,True,2024-03,2024-Q1
20240318,2024-03-18,2024,1,3,March,Mar,12,1,Monday,Mon,18,78,False,2024-03,2024-Q1
20240319,2024-03-19,2024,1,3,March,Mar,12,2,Tuesday,Tue,19,79,False,2024-03,2024-Q1
20240320,2024-03-20,2024,1,3,March,Mar,12,3,Wednesday,Wed,20,80,False,2024-03,2024-Q1
20240321,2024-03-21,2024,1,3,March,Mar,12,4,Thursday,Thu,21,81,False,2024-03,2024-Q1
20240322,2024-03-22,2024,1,3,March,Mar,12,5,Friday,Fri,22,82,False,2024-03,2024-Q1
20240323,2024-03-23,2024,1,3,March,Mar,12,6,Saturday,Sat,23,83,True,2024-03,2024-Q1
20240324,2024-03-24,2024,1,3,March,Mar,12,7,Sunday,Sun,24,84,True,2024-03,2024-Q1
20240325,2024-03-25,2024,1,3,March,Mar,13,1,Monday,Mon,25,85,False,2024-03,2024-Q1
20240326,2024-03-26,2024,1,3,March,Mar,13,2,Tuesday,Tue,26,86,False,2024-03,2024-Q1
20240327,2024-03-27,2024,1,3,March,Mar,13,3,Wednesday,Wed,27,87,False,2024-03,2024-Q1
20240328,2024-03-28,2024,1,3,March,Mar,13,4,Thursday,Thu,28,88,False,2024-03,2024-Q1
20240329,2024-03-29,2024,1,3,March,Mar,13,5,Friday,Fri,29,89,False,2024-03,2024-Q1
20240330,2024-03-30,2024,1,3,March,Mar,13,6,Saturday,Sat,30,90,True,2024-03,2024-Q1
20240331,2024-03-31,2024,1,3,March,Mar,13,7,Sunday,Sun,31,91,True,2024-03,2024-Q1
20240401,2024-04-01,2024,2,4,April,Apr,14,1,Monday,Mon,1,92,False,2024-04,2024-Q2
20240402,2024-04-02,2024,2,4,April,Apr,14,2,Tuesday,Tue,2,93,False,2024-04,2024-Q2
20240403,2024-04-03,2024,2,4,April,Apr,14,3,Wednesday,Wed,3,94,False,2024-04,2024-Q2
20240404,2024-04-04,2024,2,4,April,Apr,14,4,Thursday,Thu,4,95,False,2024-04,2024-Q2
20240405,2024-04-05,2024,2,4,April,Apr,14,5,Friday,Fri,5,96,False,2024-04,2024-Q2
20240406,2024-04-06,2024,2,4,April,Apr,14,6,Saturday,Sat,6,97,True,2024-04,2024-Q2
20240407,2024-04-07,2024,2,4,April,Apr,14,7,Sunday,Sun,7,98,True,2024-04,2024-Q2
20240408,2024-04-08,2024,2,4,April,Apr,15,1,Monday,Mon,8,99,False,2024-04,2024-Q2
20240409,2024-04-09,2024,2,4,April,Apr,15,2,Tuesday,Tue,9,100,False,2024-04,2024-Q2
20240410,2024-04-10,2024,2,4,April,Apr,15,3,Wednesday,Wed,10,101,False,2024-04,2024-Q2
20240411,2024-04-11,2024,2,4,April,Apr,15,4,Thursday,Thu,11,102,False,2024-04,2024-Q2
20240412,2024-04-12,2024,2,4,April,Apr,15,5,Friday,Fri,12,103,False,2024-04,2024-Q2
20240413,2024-04-13,2024,2,4,April,Apr,15,6,Saturday,Sat,13,104,True,2024-04,2024-Q2
20240414,2024-04-14,2024,2,4,April,Apr,15,7,Sunday,Sun,14,105,True,2024-04,2024-Q2
20240415,2024-04-15,2024,2,4,April,Apr,16,1,Monday,Mon,15,106,False,2024-04,2024-Q2
20240416,2024-04-16,2024,2,4,April,Apr,16,2,Tuesday,Tue,16,107,False,2024-04,2024-Q2
20240417,2024-04-17,2024,2,4,April,Apr,16,3,Wednesday,Wed,17,108,False,2024-04,2024-Q2
20240418,2024-04-18,2024,2,4,April,Apr,16,4,Thursday,Thu,18,109,False,2024-04,2024-Q2
20240419,2024-04-19,2024,2,4,April,Apr,16,5,Friday,Fri,19,110,False,2024-04,2024-Q2
20240420,2024-04-20,2024,2,4,April,Apr,16,6,Saturday,Sat,20,111,True,2024-04,2024-Q2
20240421,2024-04-21,2024,2,4,April,Apr,16,7,Sunday,Sun,21,112,True,2024-04,2024-Q2
20240422,2024-04-22,2024,2,4,April,Apr,17,1,Monday,Mon,22,113,False,2024-04,2024-Q2
20240423,2024-04-23,2024,2,4,April,Apr,17,2,Tuesday,Tue,23,114,False,2024-04,2024-Q2
20240424,2024-04-24,2024,2,4,April,Apr,17,3,Wednesday,Wed,24,115,False,2024-04,2024-Q2
20240425,2024-04-25,2024,2,4,April,Apr,17,4,Thursday,Thu,25,116,False,2024-04,2024-Q2
20240426,2024-04-26,2024,2,4,April,Apr,17,5,Friday,Fri,26,117,False,2024-04,2024-Q2
20240427,2024-04-27,2024,2,4,April,Apr,17,6,Saturday,Sat,27,118,True,2024-04,2024-Q2
20240428,2024-04-28,2024,2,4,April,Apr,17,7,Sunday,Sun,28,119,True,2024-04,2024-Q2
20240429,2024-04-29,2024,2,4,April,Apr,18,1,Monday,Mon,29,120,False,2024-04,2024-Q2
20240430,2024-04-30,2024,2,4,April,Apr,18,2,Tuesday,Tue,30,121,False,2024-04,2024-Q2
20240501,2024-05-01,2024,2,5,May,May,18,3,Wednesday,Wed,1,122,False,2024-05,2024-Q2
20240502,2024-05-02,2024,2,5,May,May,18,4,Thursday,Thu,2,123,False,2024-05,2024-Q2
20240503,2024-05-03,2024,2,5,May,May,18,5,Friday,Fri,3,124,False,2024-05,2024-Q2
20240504,2024-05-04,2024,2,5,May,May,18,6,Saturday,Sat,4,125,True,2024-05,2024-Q2
20240505,2024-05-05,2024,2,5,May,May,18,7,Sunday,Sun,5,126,True,2024-05,2024-Q2
20240506,2024-05-06,2024,2,5,May,May,19,1,Monday,Mon,6,127,False,2024-05,2024-Q2
20240507,2024-05-07,2024,2,5,May,May,19,2,Tuesday,Tue,7,128,False,2024-05,2024-Q2
20240508,2024-05-08,2024,2,5,May,May,19,3,Wednesday,Wed,8,129,False,2024-05,2024-Q2
20240509,2024-05-09,2024,2,5,May,May,19,4,Thursday,Thu,9,130,False,2024-05,2024-Q2
20240510,2024-05-10,2024,2,5,May,May,19,5,Friday,Fri,10,131,False,2024-05,2024-Q2
20240511,2024-05-11,2024,2,5,May,May,19,6,Saturday,Sat,11,132,True,2024-05,2024-Q2
20240512,2024-05-12,2024,2,5,May,May,19,7,Sunday,Sun,12,133,True,2024-05,2024-Q2
20240513,2024-05-13,2024,2,5,May,May,20,1,Monday,Mon,13,134,False,2024-05,2024-Q2
20240514,2024-05-14,2024,2,5,May,May,20,2,Tuesday,Tue,14,135,False,2024-05,2024-Q2
20240515,2024-05-15,2024,2,5,May,May,20,3,Wednesday,Wed,15,136,False,2024-05,2024-Q2
20240516,2024-05-16,2024,2,5,May,May,20,4,Thursday,Thu,16,137,False,2024-05,2024-Q2
20240517,2024-05-17,2024,2,5,May,May,20,5,Friday,Fri,17,138,False,2024-05,2024-Q2
20240518,2024-05-18,2024,2,5,May,May,20,6,Saturday,Sat,18,139,True,2024-05,2024-Q2
20240519,2024-05-19,2024,2,5,May,May,20,7,Sunday,Sun,19,140,True,2024-05,2024-Q2
20240520,2024-05-20,2024,2,5,May,May,21,1,Monday,Mon,20,141,False,2024-05,2024-Q2
20240521,2024-05-21,2024,2,5,May,May,21,2,Tuesday,Tue,21,142,False,2024-05,2024-Q2
20240522,2024-05-22,2024,2,5,May,May,21,3,Wednesday,Wed,22,143,False,2024-05,2024-Q2
20240523,2024-05-23,2024,2,5,May,May,21,4,Thursday,Thu,23,144,False,2024-05,2024-Q2
20240524,2024-05-24,2024,2,5,May,May,21,5,Friday,Fri,24,145,False,2024-05,2024-Q2
20240525,2024-05-25,2024,2,5,May,May,21,6,Saturday,Sat,25,146,True,2024-05,2024-Q2
20240526,2024-05-26,2024,2,5,May,May,21,7,Sunday,Sun,26,147,True,2024-05,2024-Q2
20240527,2024-05-27,2024,2,5,May,May,22,1,Monday,Mon,27,148,False,2024-05,2024-Q2
20240528,2024-05-28,2024,2,5,May,May,22,2,Tuesday,Tue,28,149,False,2024-05,2024-Q2
20240529,2024-05-29,2024,2,5,May,May,22,3,Wednesday,Wed,29,150,False,2024-05,2024-Q2
20240530,2024-05-30,2024,2,5,May,May,22,4,Thursday,Thu,30,151,False,2024-05,2024-Q2
20240531,2024-05-31,2024,2,5,May,May,22,5,Friday,Fri,31,152,False,2024-05,2024-Q2
20240601,2024-06-01,2024,2,6,June,Jun,22,6,Saturday,Sat,1,153,True,2024-06,2024-Q2
20240602,2024-06-02,2024,2,6,June,Jun,22,7,Sunday,Sun,2,154,True,2024-06,2024-Q2
20240603,2024-06-03,2024,2,6,June,Jun,23,1,Monday,Mon,3,155,False,2024-06,2024-Q2
20240604,2024-06-04,2024,2,6,June,Jun,23,2,Tuesday,Tue,4,156,False,2024-06,2024-Q2
20240605,2024-06-05,2024,2,6,June,Jun,23,3,Wednesday,Wed,5,157,False,2024-06,2024-Q2
20240606,2024-06-06,2024,2,6,June,Jun,23,4,Thursday,Thu,6,158,False,2024-06,2024-Q2
20240607,2024-06-07,2024,2,6,June,Jun,23,5,Friday,Fri,7,159,False,2024-06,2024-Q2
20240608,2024-06-08,2024,2,6,June,Jun,23,6,Saturday,Sat,8,160,True,2024-06,2024-Q2
20240609,2024-06-09,2024,2,6,June,Jun,23,7,Sunday,Sun,9,161,True,2024-06,2024-Q2
20240610,2024-06-10,2024,2,6,June,Jun,24,1,Monday,Mon,10,162,False,2024-06,2024-Q2
20240611,2024-06-11,2024,2,6,June,Jun,24,2,Tuesday,Tue,11,163,False,2024-06,2024-Q2
20240612,2024-06-12,2024,2,6,June,Jun,24,3,Wednesday,Wed,12,164,False,2024-06,2024-Q2
20240613,2024-06-13,2024,2,6,June,Jun,24,4,Thursday,Thu,13,165,False,2024-06,2024-Q2
20240614,2024-06-14,2024,2,6,June,Jun,24,5,Friday,Fri,14,166,False,2024-06,2024-Q2
20240615,2024-06-15,2024,2,6,June,Jun,24,6,Saturday,Sat,15,167,True,2024-06,2024-Q2
20240616,2024-06-16,2024,2,6,June,Jun,24,7,Sunday,Sun,16,168,True,2024-06,2024-Q2
20240617,2024-06-17,2024,2,6,June,Jun,25,1,Monday,Mon,17,169,False,2024-06,2024-Q2
20240618,2024-06-18,2024,2,6,June,Jun,25,2,Tuesday,Tue,18,170,False,2024-06,2024-Q2
20240619,2024-06-19,2024,2,6,June,Jun,25,3,Wednesday,Wed,19,171,False,2024-06,2024-Q2
20240620,2024-06-20,2024,2,6,June,Jun,25,4,Thursday,Thu,20,172,False,2024-06,2024-Q2
20240621,2024-06-21,2024,2,6,June,Jun,25,5,Friday,Fri,21,173,False,2024-06,2024-Q2
20240622,2024-06-22,2024,2,6,June,Jun,25,6,Saturday,Sat,22,174,True,2024-06,2024-Q2
20240623,2024-06-23,2024,2,6,June,Jun,25,7,Sunday,Sun,23,175,True,2024-06,2024-Q2
20240624,2024-06-24,2024,2,6,June,Jun,26,1,Monday,Mon,24,176,False,2024-06,2024-Q2
20240625,2024-06-25,2024,2,6,June,Jun,26,2,Tuesday,Tue,25,177,False,2024-06,2024-Q2
20240626,2024-06-26,2024,2,6,June,Jun,26,3,Wednesday,Wed,26,178,False,2024-06,2024-Q2
20240627,2024-06-27,2024,2,6,June,Jun,26,4,Thursday,Thu,27,179,False,2024-06,2024-Q2
20240628,2024-06-28,2024,2,6,June,Jun,26,5,Friday,Fri,28,180,False,2024-06,2024-Q2
20240629,2024-06-29,2024,2,6,June,Jun,26,6,Saturday,Sat,29,181,True,2024-06,2024-Q2
20240630,2024-06-30,2024,2,6,June,Jun,26,7,Sunday,Sun,30,182,True,2024-06,2024-Q2
20240701,2024-07-01,2024,3,7,July,Jul,27,1,Monday,Mon,1,183,False,2024-07,2024-Q3
20240702,2024-07-02,2024,3,7,July,Jul,27,2,Tuesday,Tue,2,184,False,2024-07,2024-Q3
20240703,2024-07-03,2024,3,7,July,Jul,27,3,Wednesday,Wed,3,185,False,2024-07,2024-Q3
20240704,2024-07-04,2024,3,7,July,Jul,27,4,Thursday,Thu,4,186,False,2024-07,2024-Q3
20240705,2024-07-05,2024,3,7,July,Jul,27,5,Friday,Fri,5,187,False,2024-07,2024-Q3
20240706,2024-07-06,2024,3,7,July,Jul,27,6,Saturday,Sat,6,188,True,2024-07,2024-Q3
20240707,2024-07-07,2024,3,7,July,Jul,27,7,Sunday,Sun,7,189,True,2024-07,2024-Q3
20240708,2024-07-08,2024,3,7,July,Jul,28,1,Monday,Mon,8,190,False,2024-07,2024-Q3
20240709,2024-07-09,2024,3,7,July,Jul,28,2,Tuesday,Tue,9,191,False,2024-07,2024-Q3
20240710,2024-07-10,2024,3,7,July,Jul,28,3,Wednesday,Wed,10,192,False,2024-07,2024-Q3
20240711,2024-07-11,2024,3,7,July,Jul,28,4,Thursday,Thu,11,193,False,2024-07,2024-Q3
20240712,2024-07-12,2024,3,7,July,Jul,28,5,Friday,Fri,12,194,False,2024-07,2024-Q3
20240713,2024-07-13,2024,3,7,July,Jul,28,6,Saturday,Sat,13,195,True,2024-07,2024-Q3
20240714,2024-07-14,2024,3,7,July,Jul,28,7,Sunday,Sun,14,196,True,2024-07,2024-Q3
20240715,2024-07-15,2024,3,7,July,Jul,29,1,Monday,Mon,15,197,False,2024-07,2024-Q3
20240716,2024-07-16,2024,3,7,July,Jul,29,2,Tuesday,Tue,16,198,False,2024-07,2024-Q3
20240717,2024-07-17,2024,3,7,July,Jul,29,3,Wednesday,Wed,17,199,False,2024-07,2024-Q3
20240718,2024-07-18,2024,3,7,July,Jul,29,4,Thursday,Thu,18,200,False,2024-07,2024-Q3
20240719,2024-07-19,2024,3,7,July,Jul,29,5,Friday,Fri,19,201,False,2024-07,2024-Q3
20240720,2024-07-20,2024,3,7,July,Jul,29,6,Saturday,Sat,20,202,True,2024-07,2024-Q3
20240721,2024-07-21,2024,3,7,July,Jul,29,7,Sunday,Sun,21,203,True,2024-07,2024-Q3
20240722,2024-07-22,2024,3,7,July,Jul,30,1,Monday,Mon,22,204,False,2024-07,2024-Q3
20240723,2024-07-23,2024,3,7,July,Jul,30,2,Tuesday,Tue,23,205,False,2024-07,2024-Q3
20240724,2024-07-24,2024,3,7,July,Jul,30,3,Wednesday,Wed,24,206,False,2024-07,2024-Q3
20240725,2024-07-25,2024,3,7,July,Jul,30,4,Thursday,Thu,25,207,False,2024-07,2024-Q3
20240726,2024-07-26,2024,3,7,July,Jul,30,5,Friday,Fri,26,208,False,2024-07,2024-Q3
20240727,2024-07-27,2024,3,7,July,Jul,30,6,Saturday,Sat,27,209,True,2024-07,2024-Q3
20240728,2024-07-28,2024,3,7,July,Jul,30,7,Sunday,Sun,28,210,True,2024-07,2024-Q3
20240729,2024-07-29,2024,3,7,July,Jul,31,1,Monday,Mon,29,211,False,2024-07,2024-Q3
20240730,2024-07-30,2024,3,7,July,Jul,31,2,Tuesday,Tue,30,212,False,2024-07,2024-Q3
20240731,2024-07-31,2024,3,7,July,Jul,31,3,Wednesday,Wed,31,213,False,2024-07,2024-Q3
20240801,2024-08-01,2024,3,8,August,Aug,31,4,Thursday,Thu,1,214,False,2024-08,2024-Q3
20240802,2024-08-02,2024,3,8,August,Aug,31,5,Friday,Fri,2,215,False,2024-08,2024-Q3
20240803,2024-08-03,2024,3,8,August,Aug,31,6,Saturday,Sat,3,216,True,2024-08,2024-Q3
20240804,2024-08-04,2024,3,8,August,Aug,31,7,Sunday,Sun,4,217,True,2024-08,2024-Q3
20240805,2024-08-05,2024,3,8,August,Aug,32,1,Monday,Mon,5,218,False,2024-08,2024-Q3
20240806,2024-08-06,2024,3,8,August,Aug,32,2,Tuesday,Tue,6,219,False,2024-08,2024-Q3
20240807,2024-08-07,2024,3,8,August,Aug,32,3,Wednesday,Wed,7,220,False,2024-08,2024-Q3
20240808,2024-08-08,2024,3,8,August,Aug,32,4,Thursday,Thu,8,221,False,2024-08,2024-Q3
20240809,2024-08-09,2024,3,8,August,Aug,32,5,Friday,Fri,9,222,False,2024-08,2024-Q3
20240810,2024-08-10,2024,3,8,August,Aug,32,6,Saturday,Sat,10,223,True,2024-08,2024-Q3
20240811,2024-08-11,2024,3,8,August,Aug,32,7,Sunday,Sun,11,224,True,2024-08,2024-Q3
20240812,2024-08-12,2024,3,8,August,Aug,33,1,Monday,Mon,12,225,False,2024-08,2024-Q3
20240813,2024-08-13,2024,3,8,August,Aug,33,2,Tuesday,Tue,13,226,False,2024-08,2024-Q3
20240814,2024-08-14,2024,3,8,August,Aug,33,3,Wednesday,Wed,14,227,False,2024-08,2024-Q3
20240815,2024-08-15,2024,3,8,August,Aug,33,4,Thursday,Thu,15,228,False,2024-08,2024-Q3
20240816,2024-08-16,2024,3,8,August,Aug,33,5,Friday,Fri,16,229,False,2024-08,2024-Q3
20240817,2024-08-17,2024,3,8,August,Aug,33,6,Saturday,Sat,17,230,True,2024-08,2024-Q3
20240818,2024-08-18,2024,3,8,August,Aug,33,7,Sunday,Sun,18,231,True,2024-08,2024-Q3
20240819,2024-08-19,2024,3,8,August,Aug,34,1,Monday,Mon,19,232,False,2024-08,2024-Q3
20240820,2024-08-20,2024,3,8,August,Aug,34,2,Tuesday,Tue,20,233,False,2024-08,2024-Q3
20240821,2024-08-21,2024,3,8,August,Aug,34,3,Wednesday,Wed,21,234,False,2024-08,2024-Q3
20240822,2024-08-22,2024,3,8,August,Aug,34,4,Thursday,Thu,22,235,False,2024-08,2024-Q3
20240823,2024-08-23,2024,3,8,August,Aug,34,5,Friday,Fri,23,236,False,2024-08,2024-Q3
20240824,2024-08-24,2024,3,8,August,Aug,34,6,Saturday,Sat,24,237,True,2024-08,2024-Q3
20240825,2024-08-25,2024,3,8,August,Aug,34,7,Sunday,Sun,25,238,True,2024-08,2024-Q3
20240826,2024-08-26,2024,3,8,August,Aug,35,1,Monday,Mon,26,239,False,2024-08,2024-Q3
20240827,2024-08-27,2024,3,8,August,Aug,35,2,Tuesday,Tue,27,240,False,2024-08,2024-Q3
20240828,2024-08-28,2024,3,8,August,Aug,35,3,Wednesday,Wed,28,241,False,2024-08,2024-Q3
20240829,2024-08-29,2024,3,8,August,Aug,35,4,Thursday,Thu,29,242,False,2024-08,2024-Q3
20240830,2024-08-30,2024,3,8,August,Aug,35,5,Friday,Fri,30,243,False,2024-08,2024-Q3
20240831,2024-08-31,2024,3,8,August,Aug,35,6,Saturday,Sat,31,244,True,2024-08,2024-Q3
20240901,2024-09-01,2024,3,9,September,Sep,35,7,Sunday,Sun,1,245,True,2024-09,2024-Q3
20240902,2024-09-02,2024,3,9,September,Sep,36,1,Monday,Mon,2,246,False,2024-09,2024-Q3
20240903,2024-09-03,2024,3,9,September,Sep,36,2,Tuesday,Tue,3,247,False,2024-09,2024-Q3
20240904,2024-09-04,2024,3,9,September,Sep,36,3,Wednesday,Wed,4,248,False,2024-09,2024-Q3
20240905,2024-09-05,2024,3,9,September,Sep,36,4,Thursday,Thu,5,249,False,2024-09,2024-Q3
20240906,2024-09-06,2024,3,9,September,Sep,36,5,Friday,Fri,6,250,False,2024-09,2024-Q3
20240907,2024-09-07,2024,3,9,September,Sep,36,6,Saturday,Sat,7,251,True,2024-09,2024-Q3
20240908,2024-09-08,2024,3,9,September,Sep,36,7,Sunday,Sun,8,252,True,2024-09,2024-Q3
20240909,2024-09-09,2024,3,9,September,Sep,37,1,Monday,Mon,9,253,False,2024-09,2024-Q3
20240910,2024-09-10,2024,3,9,September,Sep,37,2,Tuesday,Tue,10,254,False,2024-09,2024-Q3
20240911,2024-09-11,2024,3,9,September,Sep,37,3,Wednesday,Wed,11,255,False,2024-09,2024-Q3
20240912,2024-09-12,2024,3,9,September,Sep,37,4,Thursday,Thu,12,256,False,2024-09,2024-Q3
20240913,2024-09-13,2024,3,9,September,Sep,37,5,Friday,Fri,13,257,False,2024-09,2024-Q3
20240914,2024-09-14,2024,3,9,September,Sep,37,6,Saturday,Sat,14,258,True,2024-09,2024-Q3
20240915,2024-09-15,2024,3,9,September,Sep,37,7,Sunday,Sun,15,259,True,2024-09,2024-Q3
20240916,2024-09-16,2024,3,9,September,Sep,38,1,Monday,Mon,16,260,False,2024-09,2024-Q3
20240917,2024-09-17,2024,3,9,September,Sep,38,2,Tuesday,Tue,17,261,False,2024-09,2024-Q3
20240918,2024-09-18,2024,3,9,September,Sep,38,3,Wednesday,Wed,18,262,False,2024-09,2024-Q3
20240919,2024-09-19,2024,3,9,September,Sep,38,4,Thursday,Thu,19,263,False,2024-09,2024-Q3
20240920,2024-09-20,2024,3,9,September,Sep,38,5,Friday,Fri,20,264,False,2024-09,2024-Q3
20240921,2024-09-21,2024,3,9,September,Sep,38,6,Saturday,Sat,21,265,True,2024-09,2024-Q3
20240922,2024-09-22,2024,3,9,September,Sep,38,7,Sunday,Sun,22,266,True,2024-09,2024-Q3
20240923,2024-09-23,2024,3,9,September,Sep,39,1,Monday,Mon,23,267,False,2024-09,2024-Q3
20240924,2024-09-24,2024,3,9,September,Sep,39,2,Tuesday,Tue,24,268,False,2024-09,2024-Q3
20240925,2024-09-25,2024,3,9,September,Sep,39,3,Wednesday,Wed,25,269,False,2024-09,2024-Q3
20240926,2024-09-26,2024,3,9,September,Sep,39,4,Thursday,Thu,26,270,False,2024-09,2024-Q3
20240927,2024-09-27,2024,3,9,September,Sep,39,5,Friday,Fri,27,271,False,2024-09,2024-Q3
20240928,2024-09-28,2024,3,9,September,Sep,39,6,Saturday,Sat,28,272,True,2024-09,2024-Q3
20240929,2024-09-29,2024,3,9,September,Sep,39,7,Sunday,Sun,29,273,True,2024-09,2024-Q3
20240930,2024-09-30,2024,3,9,September,Sep,40,1,Monday,Mon,30,274,False,2024-09,2024-Q3
20241001,2024-10-01,2024,4,10,October,Oct,40,2,Tuesday,Tue,1,275,False,2024-10,2024-Q4
20241002,2024-10-02,2024,4,10,October,Oct,40,3,Wednesday,Wed,2,276,False,2024-10,2024-Q4
20241003,2024-10-03,2024,4,10,October,Oct,40,4,Thursday,Thu,3,277,False,2024-10,2024-Q4
20241004,2024-10-04,2024,4,10,October,Oct,40,5,Friday,Fri,4,278,False,2024-10,2024-Q4
20241005,2024-10-05,2024,4,10,October,Oct,40,6,Saturday,Sat,5,279,True,2024-10,2024-Q4
20241006,2024-10-06,2024,4,10,October,Oct,40,7,Sunday,Sun,6,280,True,2024-10,2024-Q4
20241007,2024-10-07,2024,4,10,October,Oct,41,1,Monday,Mon,7,281,False,2024-10,2024-Q4
20241008,2024-10-08,2024,4,10,October,Oct,41,2,Tuesday,Tue,8,282,False,2024-10,2024-Q4
20241009,2024-10-09,2024,4,10,October,Oct,41,3,Wednesday,Wed,9,283,False,2024-10,2024-Q4
20241010,2024-10-10,2024,4,10,October,Oct,41,4,Thursday,Thu,10,284,False,2024-10,2024-Q4
20241011,2024-10-11,2024,4,10,October,Oct,41,5,Friday,Fri,11,285,False,2024-10,2024-Q4
20241012,2024-10-12,2024,4,10,October,Oct,41,6,Saturday,Sat,12,286,True,2024-10,2024-Q4
20241013,2024-10-13,2024,4,10,October,Oct,41,7,Sunday,Sun,13,287,True,2024-10,2024-Q4
20241014,2024-10-14,2024,4,10,October,Oct,42,1,Monday,Mon,14,288,False,2024-10,2024-Q4
20241015,2024-10-15,2024,4,10,October,Oct,42,2,Tuesday,Tue,15,289,False,2024-10,2024-Q4
20241016,2024-10-16,2024,4,10,October,Oct,42,3,Wednesday,Wed,16,290,False,2024-10,2024-Q4
20241017,2024-10-17,2024,4,10,October,Oct,42,4,Thursday,Thu,17,291,False,2024-10,2024-Q4
20241018,2024-10-18,2024,4,10,October,Oct,42,5,Friday,Fri,18,292,False,2024-10,2024-Q4
20241019,2024-10-19,2024,4,10,October,Oct,42,6,Saturday,Sat,19,293,True,2024-10,2024-Q4
20241020,2024-10-20,2024,4,10,October,Oct,42,7,Sunday,Sun,20,294,True,2024-10,2024-Q4
20241021,2024-10-21,2024,4,10,October,Oct,43,1,Monday,Mon,21,295,False,2024-10,2024-Q4
20241022,2024-10-22,2024,4,10,October,Oct,43,2,Tuesday,Tue,22,296,False,2024-10,2024-Q4
20241023,2024-10-23,2024,4,10,October,Oct,43,3,Wednesday,Wed,23,297,False,2024-10,2024-Q4
20241024,2024-10-24,2024,4,10,October,Oct,43,4,Thursday,Thu,24,298,False,2024-10,2024-Q4
20241025,2024-10-25,2024,4,10,October,Oct,43,5,Friday,Fri,25,299,False,2024-10,2024-Q4
20241026,2024-10-26,2024,4,10,October,Oct,43,6,Saturday,Sat,26,300,True,2024-10,2024-Q4
20241027,2024-10-27,2024,4,10,October,Oct,43,7,Sunday,Sun,27,301,True,2024-10,2024-Q4
20241028,2024-10-28,2024,4,10,October,Oct,44,1,Monday,Mon,28,302,False,2024-10,2024-Q4
20241029,2024-10-29,2024,4,10,October,Oct,44,2,Tuesday,Tue,29,303,False,2024-10,2024-Q4
20241030,2024-10-30,2024,4,10,October,Oct,44,3,Wednesday,Wed,30,304,False,2024-10,2024-Q4
20241031,2024-10-31,2024,4,10,October,Oct,44,4,Thursday,Thu,31,305,False,2024-10,2024-Q4
20241101,2024-11-01,2024,4,11,November,Nov,44,5,Friday,Fri,1,306,False,2024-11,2024-Q4
20241102,2024-11-02,2024,4,11,November,Nov,44,6,Saturday,Sat,2,307,True,2024-11,2024-Q4
20241103,2024-11-03,2024,4,11,November,Nov,44,7,Sunday,Sun,3,308,True,2024-11,2024-Q4
20241104,2024-11-04,2024,4,11,November,Nov,45,1,Monday,Mon,4,309,False,2024-11,2024-Q4
20241105,2024-11-05,2024,4,11,November,Nov,45,2,Tuesday,Tue,5,310,False,2024-11,2024-Q4
20241106,2024-11-06,2024,4,11,November,Nov,45,3,Wednesday,Wed,6,311,False,2024-11,2024-Q4
20241107,2024-11-07,2024,4,11,November,Nov,45,4,Thursday,Thu,7,312,False,2024-11,2024-Q4
20241108,2024-11-08,2024,4,11,November,Nov,45,5,Friday,Fri,8,313,False,2024-11,2024-Q4
20241109,2024-11-09,2024,4,11,November,Nov,45,6,Saturday,Sat,9,314,True,2024-11,2024-Q4
20241110,2024-11-10,2024,4,11,November,Nov,45,7,Sunday,Sun,10,315,True,2024-11,2024-Q4
20241111,2024-11-11,2024,4,11,November,Nov,46,1,Monday,Mon,11,316,False,2024-11,2024-Q4
20241112,2024-11-12,2024,4,11,November,Nov,46,2,Tuesday,Tue,12,317,False,2024-11,2024-Q4
20241113,2024-11-13,2024,4,11,November,Nov,46,3,Wednesday,Wed,13,318,False,2024-11,2024-Q4
20241114,2024-11-14,2024,4,11,November,Nov,46,4,Thursday,Thu,14,319,False,2024-11,2024-Q4
20241115,2024-11-15,2024,4,11,November,Nov,46,5,Friday,Fri,15,320,False,2024-11,2024-Q4
20241116,2024-11-16,2024,4,11,November,Nov,46,6,Saturday,Sat,16,321,True,2024-11,2024-Q4
20241117,2024-11-17,2024,4,11,November,Nov,46,7,Sunday,Sun,17,322,True,2024-11,2024-Q4
20241118,2024-11-18,2024,4,11,November,Nov,47,1,Monday,Mon,18,323,False,2024-11,2024-Q4
20241119,2024-11-19,2024,4,11,November,Nov,47,2,Tuesday,Tue,19,324,False,2024-11,2024-Q4
20241120,2024-11-20,2024,4,11,November,Nov,47,3,Wednesday,Wed,20,325,False,2024-11,2024-Q4
20241121,2024-11-21,2024,4,11,November,Nov,47,4,Thursday,Thu,21,326,False,2024-11,2024-Q4
20241122,2024-11-22,2024,4,11,November,Nov,47,5,Friday,Fri,22,327,False,2024-11,2024-Q4
20241123,2024-11-23,2024,4,11,November,Nov,47,6,Saturday,Sat,23,328,True,2024-11,2024-Q4
20241124,2024-11-24,2024,4,11,November,Nov,47,7,Sunday,Sun,24,329,True,2024-11,2024-Q4
20241125,2024-11-25,2024,4,11,November,Nov,48,1,Monday,Mon,25,330,False,2024-11,2024-Q4
20241126,2024-11-26,2024,4,11,November,Nov,48,2,Tuesday,Tue,26,331,False,2024-11,2024-Q4
20241127,2024-11-27,2024,4,11,November,Nov,48,3,Wednesday,Wed,27,332,False,2024-11,2024-Q4
20241128,2024-11-28,2024,4,11,November,Nov,48,4,Thursday,Thu,28,333,False,2024-11,2024-Q4
20241129,2024-11-29,2024,4,11,November,Nov,48,5,Friday,Fri,29,334,False,2024-11,2024-Q4
20241130,2024-11-30,2024,4,11,November,Nov,48,6,Saturday,Sat,30,335,True,2024-11,2024-Q4
20241201,2024-12-01,2024,4,12,December,Dec,48,7,Sunday,Sun,1,336,True,2024-12,2024-Q4
20241202,2024-12-02,2024,4,12,December,Dec,49,1,Monday,Mon,2,337,False,2024-12,2024-Q4
20241203,2024-12-03,2024,4,12,December,Dec,49,2,Tuesday,Tue,3,338,False,2024-12,2024-Q4
20241204,2024-12-04,2024,4,12,December,Dec,49,3,Wednesday,Wed,4,339,False,2024-12,2024-Q4
20241205,2024-12-05,2024,4,12,December,Dec,49,4,Thursday,Thu,5,340,False,2024-12,2024-Q4
20241206,2024-12-06,2024,4,12,December,Dec,49,5,Friday,Fri,6,341,False,2024-12,2024-Q4
20241207,2024-12-07,2024,4,12,December,Dec,49,6,Saturday,Sat,7,342,True,2024-12,2024-Q4
20241208,2024-12-08,2024,4,12,December,Dec,49,7,Sunday,Sun,8,343,True,2024-12,2024-Q4
20241209,2024-12-09,2024,4,12,December,Dec,50,1,Monday,Mon,9,344,False,2024-12,2024-Q4
20241210,2024-12-10,2024,4,12,December,Dec,50,2,Tuesday,Tue,10,345,False,2024-12,2024-Q4
20241211,2024-12-11,2024,4,12,December,Dec,50,3,Wednesday,Wed,11,346,False,2024-12,2024-Q4
20241212,2024-12-12,2024,4,12,December,Dec,50,4,Thursday,Thu,12,347,False,2024-12,2024-Q4
20241213,2024-12-13,2024,4,12,December,Dec,50,5,Friday,Fri,13,348,False,2024-12,2024-Q4
20241214,2024-12-14,2024,4,12,December,Dec,50,6,Saturday,Sat,14,349,True,2024-12,2024-Q4
20241215,2024-12-15,2024,4,12,December,Dec,50,7,Sunday,Sun,15,350,True,2024-12,2024-Q4
20241216,2024-12-16,2024,4,12,December,Dec,51,1,Monday,Mon,16,351,False,2024-12,2024-Q4
20241217,2024-12-17,2024,4,12,December,Dec,51,2,Tuesday,Tue,17,352,False,2024-12,2024-Q4
20241218,2024-12-18,2024,4,12,December,Dec,51,3,Wednesday,Wed,18,353,False,2024-12,2024-Q4
20241219,2024-12-19,2024,4,12,December,Dec,51,4,Thursday,Thu,19,354,False,2024-12,2024-Q4
20241220,2024-12-20,2024,4,12,December,Dec,51,5,Friday,Fri,20,355,False,2024-12,2024-Q4
20241221,2024-12-21,2024,4,12,December,Dec,51,6,Saturday,Sat,21,356,True,2024-12,2024-Q4
20241222,2024-12-22,2024,4,12,December,Dec,51,7,Sunday,Sun,22,357,True,2024-12,2024-Q4
20241223,2024-12-23,2024,4,12,December,Dec,52,1,Monday,Mon,23,358,False,2024-12,2024-Q4
20241224,2024-12-24,2024,4,12,December,Dec,52,2,Tuesday,Tue,24,359,False,2024-12,2024-Q4
20241225,2024-12-25,2024,4,12,December,Dec,52,3,Wednesday,Wed,25,360,False,2024-12,2024-Q4
20241226,2024-12-26,2024,4,12,December,Dec,52,4,Thursday,Thu,26,361,False,2024-12,2024-Q4
20241227,2024-12-27,2024,4,12,December,Dec,52,5,Friday,Fri,27,362,False,2024-12,2024-Q4
20241228,2024-12-28,2024,4,12,December,Dec,52,6,Saturday,Sat,28,363,True,2024-12,2024-Q4
20241229,2024-12-29,2024,4,12,December,Dec,52,7,Sunday,Sun,29,364,True,2024-12,2024-Q4
20241230,2024-12-30,2024,4,12,December,Dec,1,1,Monday,Mon,30,365,False,2024-12,2024-Q4
20241231,2024-12-31,2024,4,12,December,Dec,1,2,Tuesday,Tue,31,366,False,2024-12,2024-Q4
